gauge_id,regulated,P_era5land,P_emo1,ratio_era5l_emo1,Q_obs,ET0,impossible_era5l,impossible_emo1,daily_corr,runoff_ratio_era5l,runoff_ratio_emo1
EA001b,True,882.505,736.152,1.199,146.449,858.27,False,False,0.697,0.166,0.199
EA004,False,747.815,525.714,1.422,47.289,998.12,False,False,0.68,0.063,0.09
EA007,False,744.943,512.834,1.453,20.846,1097.15,False,False,0.681,0.028,0.041
EA008,False,727.262,529.68,1.373,33.818,1060.183,False,False,0.658,0.047,0.064
EA009,False,1278.212,770.508,1.659,89.221,878.239,True,False,0.706,0.07,0.116
EA010,True,1135.655,836.7,1.357,134.616,829.457,True,False,0.738,0.119,0.161
EA012,True,1128.448,823.506,1.37,216.033,937.612,False,False,0.708,0.191,0.262
EA013,False,1337.117,897.294,1.49,151.757,829.543,True,False,0.656,0.113,0.169
EA014,False,508.719,488.447,1.042,278.564,1106.077,False,False,0.685,0.548,0.57
EA015,False,995.441,846.64,1.176,124.085,909.106,False,False,0.674,0.125,0.147
EA016,False,1340.652,874.931,1.532,138.218,861.114,True,False,0.708,0.103,0.158
EA020,False,834.907,698.816,1.195,101.248,932.045,False,False,0.709,0.121,0.145
EA023,True,867.035,670.627,1.293,110.843,867.503,False,False,0.722,0.128,0.165
EA026,False,1046.711,897.453,1.166,349.163,933.27,False,False,0.659,0.334,0.389
EA027,False,1090.001,842.598,1.294,52.782,891.73,True,False,0.659,0.048,0.063
EA028,False,627.018,476.704,1.315,23.358,1080.053,False,False,0.664,0.037,0.049
EA033,False,1125.102,966.63,1.164,408.226,792.581,False,False,0.719,0.363,0.422
EA035,False,828.409,645.63,1.283,71.532,929.903,False,False,0.703,0.086,0.111
EA037,False,896.18,711.522,1.26,73.935,890.3,False,False,0.673,0.083,0.104
EA039,False,758.615,546.32,1.389,29.222,1035.159,False,False,0.658,0.039,0.053
EA041,True,552.613,534.906,1.033,27.764,1165.67,False,False,0.722,0.05,0.052
EA047,False,769.571,605.25,1.271,117.009,913.859,False,False,0.71,0.152,0.193
EA049,True,822.259,626.975,1.311,82.293,907.676,False,False,0.73,0.1,0.131
EA050,False,1264.511,878.296,1.44,359.489,902.369,True,False,0.695,0.284,0.409
EA051,False,1068.423,861.47,1.24,343.066,927.489,False,False,0.736,0.321,0.398
EA052,True,862.891,682.798,1.264,102.505,954.294,False,False,0.736,0.119,0.15
EA060,True,1125.61,849.92,1.324,173.823,823.642,True,False,0.73,0.154,0.205
EA061,False,1063.58,668.17,1.592,271.828,903.959,False,False,0.72,0.256,0.407
EA063,False,912.046,733.808,1.243,111.881,860.352,False,False,0.666,0.123,0.152
EA064,False,632.74,602.185,1.051,59.668,1065.418,False,False,0.699,0.094,0.099
EA065,False,762.35,515.611,1.479,61.611,1036.25,False,False,0.65,0.081,0.119
EA066,True,958.509,886.61,1.081,393.004,869.219,False,False,0.652,0.41,0.443
EA067,True,923.343,791.78,1.166,195.24,833.173,False,False,0.69,0.211,0.247
EA068,True,854.005,654.291,1.305,100.081,872.247,False,False,0.696,0.117,0.153
EA072,False,1205.73,1064.379,1.133,464.436,791.785,False,False,0.723,0.385,0.436
EA074,False,765.024,521.0,1.468,37.894,1014.398,False,False,0.703,0.05,0.073
EA076,False,674.052,529.545,1.273,258.059,994.925,False,False,0.627,0.383,0.487
EA077,False,939.591,670.328,1.402,58.193,852.616,True,False,0.689,0.062,0.087
EA078,False,935.586,911.634,1.026,304.664,792.295,False,False,0.66,0.326,0.334
EA079,False,605.19,482.493,1.254,23.568,1082.982,False,False,0.689,0.039,0.049
EA080,True,1027.112,779.238,1.318,118.533,862.105,True,False,0.762,0.115,0.152
EA081,False,953.988,703.93,1.355,112.66,871.576,False,False,0.71,0.118,0.16
EA082,False,931.407,672.166,1.386,71.98,939.729,False,False,0.689,0.077,0.107
EA085,False,1143.427,932.418,1.226,347.592,832.809,False,False,0.721,0.304,0.373
EA086,False,980.225,871.788,1.124,1123.901,785.973,False,False,0.614,1.147,1.289
EA089,False,988.644,780.324,1.267,108.477,884.985,False,False,0.705,0.11,0.139
EA093,True,825.893,630.394,1.31,76.809,909.393,False,False,0.729,0.093,0.122
EA094,False,984.216,834.534,1.179,212.079,831.811,False,False,0.644,0.215,0.254
EA095,False,963.418,844.069,1.141,169.41,831.168,False,False,0.673,0.176,0.201
EA096,False,925.565,842.373,1.099,166.709,865.747,False,False,0.64,0.18,0.198
EA098,False,888.557,901.198,0.986,385.997,839.532,False,False,0.679,0.434,0.428
EA099,True,851.647,646.773,1.317,89.063,920.889,False,False,0.72,0.105,0.138
EA101,False,1163.172,795.614,1.462,307.429,817.492,True,False,0.664,0.264,0.386
EA110,False,990.024,766.332,1.292,102.381,837.158,True,False,0.641,0.103,0.134
EA111,False,580.772,580.183,1.001,99.202,1156.991,False,False,0.681,0.171,0.171
EA112,False,546.849,543.214,1.007,146.534,1142.781,False,False,0.705,0.268,0.27
EA115,False,1206.546,798.359,1.511,285.483,890.734,True,False,0.653,0.237,0.358
EA120,False,997.509,691.345,1.443,137.992,830.963,True,False,0.649,0.138,0.2
EA121,True,1055.172,782.772,1.348,180.478,846.438,True,False,0.756,0.171,0.231
EA123,False,946.032,659.782,1.434,812.715,876.038,False,False,0.687,0.859,1.232
EA124,False,709.878,650.29,1.092,71.613,989.582,False,False,0.702,0.101,0.11
EA125,True,1103.599,807.592,1.367,306.809,929.044,False,False,0.711,0.278,0.38
EA131,False,695.918,682.791,1.019,579.692,1016.852,False,False,0.699,0.833,0.849
EA132,False,654.997,614.671,1.066,182.889,1016.261,False,False,0.701,0.279,0.298
