gauge_id,n_days,corr,ratio_mean
ES7063,365,0.9687028493004262,0.9999329908590419
ES7121,365,0.9480182190666678,1.0004525168765002
ES7821,365,0.9569137513682442,1.0004995625477848
ES7168,365,0.9652131834455272,1.0002071568058266
ES7169,365,0.952750945128599,1.0008370810859268
ES7006,365,0.9741093275463312,0.9995501394798851
ES7062,365,0.9953036899418065,0.9997306230444551
ES7167,365,0.9925039505530445,0.9994690312588803
ES7117,365,0.9922301943422058,0.9994113090627421
ES7014,365,0.9881588322060644,1.0013313962643693
ES7177,365,0.6546900168101771,0.9584982351053588
ES7016,365,0.9920014624049431,0.9994781663717378
ES7018,365,0.9936716321093947,0.9997467309333271
ES7137,365,0.9958383938776839,0.9992527375655108
ES7112,365,0.9900346150757201,0.999298837173996
ES7004,365,0.9975589864423464,1.000580236598672
ES7170,365,0.9758503100044531,1.0002534755145227
ES7003,365,0.997710474507757,1.0008762950988999
ES7850,365,-0.5726938330500336,0.26558072952071726
ES7124,365,0.9967836833230552,0.9991439567301084
ES7055,364,0.9945981087181947,1.0002107191937701
ES7171,364,0.9945981087181947,1.0002107191937701
ES7172,300,0.9401658396465429,0.8983027165491854
ES7013,365,0.9950101867612743,0.9994169564742257
ES7001,365,0.9968794201143281,0.9999894449942213
ES7057,365,0.9965964061818081,1.00006305752494
ES7183,365,0.9814214450779483,0.9999774098815633
ES7064,365,0.953942867481935,1.0003241768666893
ES7165,365,0.9557658846622046,1.0005437997973552
ES7173,365,0.8910512079802319,0.9990880564567886
ES7628,365,0.2839054570555359,0.5452462936500105
ES7174,365,0.2887967379018805,0.5165960215721811
ES7030,365,0.9696647300556185,1.0025268879994058
ES7164,365,0.9545251037805808,1.000348606666409
ES7175,365,0.9597491158621433,1.0005708970169862
ES7158,365,0.9516648795668705,1.000414693457896
ES7176,363,0.9659772398415964,1.0005565654717652
ES7129,365,0.9573874366997157,1.0011309823290613
