gauge_id,n_days,corr,ratio_mean,median_abs_diff
EA001b,385,0.998793071594056,1.0011090386608976,0.00015811344444438546
EA004,385,0.9999933990884448,1.0001803690561477,0.00015233533333330884
EA007,385,0.9999953010449089,0.999501907307759,0.0
EA009,383,0.9999720297706433,1.001301979834454,7.31254444444468e-05
EA010,385,0.9999723807545894,1.000742986657989,0.0006342202222222593
EA012,385,0.9997442019838514,1.001730448505858,4.6092777777756444e-05
EA013,385,0.9999151246261472,1.010304813594184,7.986088888888715e-05
EA015,385,0.9791605280931774,0.9422779797421397,0.00022916622222224348
EA016,382,0.9998744413340177,0.9999695495439092,0.00040277788888892774
EA019,385,0.9999853316879396,1.0003382174739535,0.002204860666666697
EA020,385,0.9993650669520651,0.9894026922973868,0.00023722177777776854
EA023,385,0.9999945852125474,0.9999832141852718,0.0013292305555556716
EA027,383,0.9908149305674537,1.0144203965215786,0.00010574277777780638
EA028,385,0.9968599140638432,1.0925684482888283,8.822333333333154e-05
EA035,385,0.9999905973356098,0.9998560967767619,0.0001365113333333251
EA037,385,0.9999491820314346,1.0024449074534936,0.00010216088888888829
EA039,384,0.9913669388234524,0.8817391335947742,0.00021597255555555646
EA046,385,0.9997709539042033,0.9921399189249834,0.00017817933333336144
EA047,385,0.9998964632263858,0.9989675329712249,0.00046938533333329424
EA049,385,0.9997330161849556,1.0006379537411927,0.001899432111110766
EA052,385,0.9998743957710918,0.9992445978185422,0.00010445377777779097
EA060,385,0.9997673680827918,0.9987513023763896,0.0003163965555557091
EA064,384,0.9972466724628347,1.0107559426752073,0.0
EA066,385,0.9999920417479335,0.9999031699824649,0.00028617377777750974
EA067,385,0.9999627713598366,0.9998781453405504,0.0014223764444447617
EA068,318,0.9999727864973964,1.0002727935798115,0.0002409536111112054
EA072,385,0.985643110921917,1.0367078317334721,0.0005222197777778881
EA076,384,0.9997870319599087,1.0024042186436128,0.00017384549999999166
EA077,385,0.9999948574895174,0.9996317226703973,0.00012888766666666746
EA078,385,0.9882298081106834,0.9690419718503747,0.013259895222222262
EA079,380,0.9999735195753214,0.9992030761619872,0.0001568492222222169
EA080,385,0.9988962404869886,1.0088905096412302,0.0010956454444444041
EA081,383,0.9999942810817147,0.9999940133289345,4.861100000003171e-05
EA082,385,0.9999876762951898,1.0006773310415176,0.0
EA085,385,0.9999637194335563,0.999068248416602,0.002809360333333899
EA086,385,0.9999926650786565,0.9995614989196464,9.930855555556617e-05
EA088,385,0.08335284496146234,3.858692733336453,0.0
EA089,385,0.9999435504474952,0.9929836884294233,0.00019489488888888972
EA093,385,0.9963580066124692,1.0170161598373413,0.0019386812222221828
EA098,38,0.9371402912722402,0.9866033762865382,0.05160219938888888
EA099,385,0.9999890947703094,0.9998593593781859,0.0012609834444443635
EA110,140,0.9988858956146459,1.0157075176709,0.0002100696111111064
EA111,385,0.9706371237248702,0.9354034673486795,0.00014364777777777643
EA113,382,0.9713327800194231,2.3556716101100452,0.0
EA115,385,0.9999935619712979,1.000515190884782,6.70777777777784e-05
EA121,332,0.9970166369985118,1.10397297297818,0.2715381945555556
EA123,381,0.9999878077640165,1.000010579350563,7.29168888888923e-05
EA125,385,0.9999821263825238,1.0016986653449278,0.00011039177777780185
EA131,381,0.9999065903185117,0.9999426468538245,0.0
EA132,381,0.9999877016200739,0.9999946557339109,4.4444444478874967e-10
