gauge_id,name,river,basin,gauge_lon,gauge_lat,outlet_lon,outlet_lat,snap_dist_m,area_km2,area_official_km2,area_ratio,area_ok,sdim_component,aet_mm_syr,ari_ix_sav,crp_pc_sse,dor_pc_pva,ele_mt_sav,ero_kh_sav,for_pc_sse,gdp_ud_ssu,gla_pc_sse,glc_pc_s01,glc_pc_s02,glc_pc_s03,glc_pc_s04,glc_pc_s06,glc_pc_s07,glc_pc_s08,glc_pc_s09,glc_pc_s10,glc_pc_s11,glc_pc_s12,glc_pc_s13,glc_pc_s14,glc_pc_s15,glc_pc_s16,glc_pc_s17,glc_pc_s18,glc_pc_s19,glc_pc_s20,glc_pc_s21,glc_pc_s22,hft_ix_s09,hft_ix_s93,inu_pc_slt,inu_pc_smn,inu_pc_smx,ire_pc_sse,kar_pc_sse,lka_pc_sse,nli_ix_sav,pac_pc_sse,pet_mm_syr,pnv_pc_s01,pnv_pc_s02,pnv_pc_s03,pnv_pc_s04,pnv_pc_s05,pnv_pc_s06,pnv_pc_s07,pnv_pc_s08,pnv_pc_s09,pnv_pc_s10,pnv_pc_s11,pnv_pc_s12,pnv_pc_s13,pnv_pc_s14,pnv_pc_s15,ppd_pk_sav,pre_mm_syr,prm_pc_sse,rdd_mk_sav,snw_pc_syr,swc_pc_syr,tmp_dc_syr,urb_pc_sse,wet_pc_s01,wet_pc_s02,wet_pc_s03,wet_pc_s04,wet_pc_s05,wet_pc_s06,wet_pc_s07,wet_pc_s08,wet_pc_s09,wet_pc_sg1,wet_pc_sg2,p_mean,pet_mean_ERA5_LAND,aridity_ERA5_LAND,frac_snow,moisture_index_ERA5_LAND,seasonality_ERA5_LAND,high_prec_freq,high_prec_dur,low_prec_freq,low_prec_dur,elev_median_m,elev_max_m,reservoirs_upstream,regulated
EA001b,Cardona (túnel),Cardener,El Llobregat,1.696075,41.920666,1.69625,41.920417,31.3,646.16,631.0,1.024,True,080478-006,645.459901317096,105.65910937261935,10.411845177647656,102.02728933421672,1004.9713325962601,4440.543657631037,82.26352811992426,109319500.38643122,0.0,0.0,16.39754295164063,0.0,62.899468382552,2.908978583671205,0.0,0.0,0.0,0.0,0.0,5.252823481362392,0.0,2.685095415855505,0.0,10.210122772940515,0.0,0.0,0.0,0.0,0.0,0.0010792955142704217,90.97068237151309,60.076173614438886,0.6623414434629005,0.0,5.0,0.5462791803335401,11.076438386647771,1.3472307873035596,767.1625550614343,17.77930817638285,824.202595211683,0.0,0.0,0.0,3.427924257933504,0.0,0.0,0.0,58.9736301325053,5.907295380485499,0.0,31.97557918880101,0.0,0.0,0.0,0.0,22.970493685611437,845.3306418248281,0.0,272.4223932104795,8.930843054184683,82.44692503896653,102.66646079482292,1.2718818004656816,0.0,0.0,0.0,0.0,0.0,0.0,0.0,0.0,0.0,0.0,0.0,2.376828522983112,8.438731317125317,3.550416546892506,0.0,-0.6355386303593346,0.5415853524601822,0.05475701574264202,1.2403100775193798,0.6598220396988365,4.426078971533517,887.5592080284994,2463.0,E12|E13,True
EA004,Sant Sadurní d'Anoia,Anoia,El Llobregat,1.788188,41.443497,1.787083,41.44375,96.5,721.56,720.03,1.002,True,082401-002,561.7810502187076,73.80231641289366,36.58675196761132,0.22079940579891655,518.1234205697967,5330.797182761413,29.40012436443026,842639950.2804457,0.0,0.0,10.815122877158295,0.0,16.33060423498718,2.441171976629382,0.0,0.0,0.0,0.0,0.0,23.22908734403667,0.0,3.7650023888390773,0.0,42.19002993119737,0.0,0.0,0.0,0.0,0.0,0.7513932076187505,177.83754097839173,148.72485301506592,1.480887622188671,0.0,15.0,0.7989343639168179,0.04000973786878493,0.0,2685.701793570154,14.48864181782023,897.5305636678248,0.0,0.0,0.0,0.0,0.0,0.0,0.0,0.0,32.79770542757385,0.0,67.20229457242614,0.0,0.0,0.0,0.0,153.96480615827113,661.1893635829799,0.0,928.9753285795123,2.7314554701592164,66.60341750844103,135.7001956750698,6.831993844898951,0.0018918236037711485,0.0,0.0,0.0,0.0,0.0,0.0,0.0,0.0,0.0018918236037711485,0.0,2.0047708323499003,4.268796228390505,2.12931880268171,0.0,-0.4004150074613247,0.9131886236577836,0.055509924709103355,1.3017656500802568,0.7100616016427105,5.153502235469449,529.5645680520827,940.0,,False
EA007,Vilabella,Gaia,El Gaià,1.337295,41.233967,1.337917,41.23375,57.4,332.49,329.73,1.008,True,431652-001,555.1939118186611,72.90970302419471,38.09999292652928,0.0,539.938825643077,3793.8451308557565,37.59183290591169,198088437.21167138,0.0,0.0,9.607003265214084,0.0,28.403475721956674,0.049430787388548086,0.0,0.0,0.0,0.0,0.0,13.663096805795417,0.00026599866334462016,2.4072897483779094,0.0,45.73742843235426,0.0,0.0,0.0,0.0,0.0,0.011224878153669144,124.95384432927952,113.13235068478357,8.254626654204307,0.0,9.0,1.8195210384402427,15.395594575426221,0.0,1591.8296067093943,39.022514804893916,897.2530970624091,0.0,0.0,0.0,0.0,0.0,0.0,0.0,0.0,2.685882407266252,0.0,97.31411759273375,0.0,0.0,0.0,0.0,35.48194510781897,653.8401890989452,0.0,502.1227743081997,2.8010794945881017,66.10349263917313,134.6080628345337,0.9229668209509094,0.006778763840680915,0.0,0.0,0.0,0.0,0.0,0.0,0.0,0.0,0.006778763840680915,0.0,1.9172426858414464,4.55738610523963,2.3770522839363277,0.0,-0.47223517214355787,0.8291233505254213,0.057631759069130734,1.2993827160493827,0.7288158795345654,5.366935483870968,613.4832377010629,982.0,,False
EA008,Castellet i la Gornal,Foix,El Foix,1.633829,41.265611,1.634583,41.26375,216.1,283.33,278.9,1.016,True,080581-003,546.9431988378802,71.99328633221235,52.95175060660632,0.0,409.57983161832993,2784.6616157352205,31.594529267759402,873390384.5046611,0.0,0.0,5.615266289286544,0.0,26.307296710526476,0.007480398289939194,0.0,0.0,0.0,0.0,0.0,6.689297112457314,0.0,2.673254650129482,0.0,57.42374179194939,0.0,0.0,0.0,0.0,0.0,0.9868190008479106,196.63185950682546,187.99735617996998,4.888109665184017,0.0,69.0,1.0062624286073578,24.80395688943376,0.049372213315727984,3057.0944907125313,19.83953233072731,894.3565629236593,0.0,0.0,0.0,0.0,0.0,0.0,0.0,0.0,57.768073452737,0.0,42.23192654726297,0.0,0.0,0.0,0.0,152.50626260653053,643.2722185356453,0.0,634.3371390210577,1.6987935551976463,65.65081423390119,143.3690057164634,6.067343989583008,1.3297834205768506,0.0,0.0,0.0,0.0,0.0,0.0,0.0,0.0,1.3297834205768506,0.0,1.9631059642915,4.593454174769385,2.3398911002887193,0.0,-0.48060825231289234,0.7855129287907996,0.055509924709103355,1.3122977346278317,0.7098562628336755,4.9932595089070775,377.5226383454444,982.0,,False
EA009,Sant Gregori,Llemena,El Ter,2.725463,42.015521,2.725417,42.015417,12.2,78.6,77.19,1.018,True,171637-001,680.0959196495046,98.96024864747028,4.0362578589242,0.07595028644724816,429.31913775645916,537.9433373232375,94.17597007297589,96213862.4558552,0.0,0.0,14.851102601247824,0.0,66.83642833345975,12.467529179878078,0.0,0.0,0.0,0.0,0.0,0.0,0.0,0.00018257280395973116,0.0,5.823664781416205,0.0,0.0,0.0,0.0,0.0,0.00018257280395973116,70.06661610136447,66.86013280012466,2.8306874217041766,0.0,10.0,2.907122042173233,0.0,0.0,1226.846239921603,29.370817193168158,861.2643457566933,0.0,0.0,41.86383782405637,0.0,0.0,0.0,0.0,51.03056438524691,3.8284847630553247,0.0,2.3551908033461046,0.0,0.0,0.0,0.0,21.306488150248384,849.7602138751939,0.0,388.45870713789947,7.978907468805794,83.96966934454002,135.93152549416902,0.9446579107251506,0.0,0.0,0.0,0.0,0.0,0.0,0.0,0.0,0.0,0.0,0.0,3.3600770867760104,4.2095600653040135,1.2528165147970105,0.0,-0.06718121980464854,0.9627909640315018,0.04811772758384668,1.2442477876106195,0.5945927446954141,3.71875,449.42520771468855,1017.0,,False
EA010,Girona (Ter),Ter,El Ter,2.81916,41.990209,2.81875,41.990417,41.0,2256.51,2257.0,1.0,True,170792-002,666.1885454414484,116.17614991859234,9.620573698641689,83.70680924461294,904.4216115575963,2903.0612345371806,84.52033099979025,589987255.8391997,0.0,0.0,24.7572617869797,0.0,36.33748965929708,23.495023348112248,0.0,0.0,0.0,0.0,0.0,0.0012930711332161363,4.7871087034719935,2.992371440769285,0.0,7.010780712317914,0.0,0.0019083323438892571,0.0,0.0,0.0,0.6541537337447013,131.17671386782786,129.08699652551164,12.701040697153553,0.0,23.0,1.2666093626016226,11.16388534222188,1.7717331486619945,1793.4548107742846,30.985920901500382,801.5738726237558,0.0,0.0,17.031922895545996,0.6171849313442621,0.0,0.0,0.0,49.05921955160814,16.91401260509754,0.5049402996399149,15.702574581601816,0.0,0.290106012078459,0.0,0.0,105.76829380552408,903.8292253161993,0.0,671.4710241755913,9.046577214664746,87.42193317876558,110.2231918042414,5.863544997383076,1.0158307627104632,0.0,0.0,0.0,0.0,0.0,0.0,0.0,0.0,1.0158307627104632,0.0,3.075953709188434,4.5911527060290585,1.492594863282386,0.0,-0.18913295076942413,0.9081501245226884,0.04407939767282683,1.2384615384615385,0.5691307323750856,3.533786655333617,807.4971238100018,2900.4599156118147,E06|E07|E08,True
EA011,Jorba,Anoia,El Llobregat,1.554811,41.58723,1.554583,41.587917,78.6,216.44,,,True,,578.4437507773404,76.01829055685872,48.0461765633127,0.0,617.6348759265496,8572.742435816579,30.977639657729938,195746167.31372663,0.0,0.0,24.702470305626026,0.0,4.5715442573492,1.7094711823805984,0.0,0.0,0.0,0.0,0.0,25.482387829087685,0.0,0.022206906110343805,0.0,42.80604205818393,0.0,0.0,0.0,0.0,0.0,0.026940744070316536,146.62444547647334,94.9944932485973,0.031086325381435128,0.0,7.0,0.32887790160877906,0.0,0.0,1665.8602685438966,4.22310507948136,896.4410176817227,0.0,0.0,0.0,0.0,0.0,0.0,0.0,0.0,27.21227177253301,0.0,72.78772822746699,0.0,0.0,0.0,0.0,41.47283006710744,681.5034011070286,0.0,670.7836760047676,1.6429966012773405,68.33374420824713,128.64439567179542,0.16276135905738928,0.0,0.0,0.0,0.0,0.0,0.0,0.0,0.0,0.0,0.0,0.0,1.9263604977964082,4.339385289008849,2.2526340702961543,0.0,-0.4220571403196045,0.8935731352372405,0.056331279945242986,1.2859375,0.7323066392881588,5.601570680628273,640.5246944583961,827.0,,False
EA012,Boadella d'Empordà,Muga,La Muga,2.859691,42.334743,2.859583,42.335417,75.3,190.99,190.87,1.001,True,170600-002,633.8889403512459,89.99012739143353,6.02177834444302,699.643346689657,472.7603922149714,802.7536918781167,93.90059166870236,115927782.24426283,0.0,0.0,11.071776142875173,0.0,65.79404411009476,17.030734163155877,0.0,0.0,0.0,0.0,0.0,0.02803059969200594,0.005860302637275624,2.983874431946589,0.0,3.0803189402825826,0.0,0.0,0.0,0.0,0.0,0.005053956425823885,59.66406556960805,44.56641917542383,3.993361612553513,0.0,9.0,1.0127325392316846,0.021184907827042743,8.918966175930473,922.3653819854522,38.86958820799346,877.0306631227304,0.0,0.0,0.08283569552197284,0.0046882421098204995,0.0,0.0,0.0,75.75234193059906,6.042170233492955,0.0,19.107881629860486,0.0,0.0,0.0,0.0,14.909742328991475,779.9226781469366,0.0,451.099283704229,7.983923134059814,76.99237704796016,132.01511654506956,0.026364064551336674,2.9729887253101577,0.0,0.0,0.0,0.0,0.0,0.0,0.0,0.0,2.9729887253101577,0.0,3.177920090835316,10.588237359121186,3.3318135939466207,0.0,-0.6464848013660338,0.43089681088556286,0.04668035592060233,1.299047619047619,0.6191649555099247,3.9675438596491226,483.4191623290158,1434.0,E01,True
EA013,Olot,Fluvia,El Fluvià,2.510031,42.188665,2.50875,42.189583,146.9,130.67,139.48,0.937,True,171143-002,692.8984167595507,106.9255415442024,5.998530231195633,1.119761063371858,728.9566166975505,1103.7387696159217,94.03434489981531,1694514996.1942098,0.0,0.0,67.33341996172581,0.0,2.64261663706574,24.046465202116636,0.0,0.0,0.0,0.0,0.0,0.0,0.0,0.0,0.0,3.9984178272472817,0.0,0.0,0.0,0.0,0.0,1.9678878002662454,166.11375606820107,150.2503077875796,0.09062618341181862,0.0,12.0,2.9679769535430345,0.23477639031748207,0.0714926036120659,2330.363104852608,61.514385113001474,833.1202293181849,0.0,0.0,31.433729081140942,0.0,0.0,0.0,0.0,68.16630043849047,0.20199331546824376,0.0,0.20443460789489787,0.0,0.0,0.0,0.0,203.12641109110004,885.5408792882046,0.0,578.8561732914827,5.011281697495725,86.9845307182004,120.0671462293918,10.83570932351845,0.056137883973565755,0.0,0.0,0.0,0.0,0.0,0.0,0.0,0.0,0.056137883973565755,0.0,3.666251620988518,3.9036551173989733,1.0647537378644092,0.0,0.041061626589333516,0.8776915313081914,0.0458590006844627,1.2407407407407407,0.5596851471594798,3.489970123772941,635.639330671359,1541.0,,False
EA014,Duesaigües,Riudecanyes,Riera De Riudecanyes,0.936718,41.142879,0.93625,41.14375,104.4,21.08,21.0,1.004,True,431270-001,491.0557809701544,60.00657136520711,12.001858694979145,2.4855609517545676,236.53409352514825,739.1758062448384,33.04725006449343,9685881755.095371,0.0,0.0,4.993344077882768,0.0,25.05338235658533,2.9990877195968166,0.0,0.0,0.0,0.0,0.0,8.028279135455042,0.0,7.986079968830081,0.0,50.938390831221454,0.0,0.0,0.0,0.0,0.0,0.9982599961037601,270.6481484081899,265.6726434423847,18.968679929867683,0.0,16.0,23.959675816918754,34.95391588664013,0.003480007792479781,4018.531135176989,11.067556058485629,962.0194278477618,0.0,0.0,0.0,0.0,0.0,0.0,0.0,0.0,13.98138358716669,0.0,86.01861641283331,0.0,0.0,0.0,0.0,519.243995803554,576.0693123509465,0.0,2116.192900508077,2.0052200116887198,56.003699544350084,151.9708931410519,28.949539887009045,0.0,0.0,0.0,0.0,0.0,0.0,0.0,0.0,0.0,0.0,0.0,1.3980582815255098,4.476298043594668,3.201796450653185,0.0,-0.5759519234674185,0.7510832935006706,0.05619438740588638,1.341503267973856,0.788021902806297,6.7923303834808255,441.32790697674426,762.0,,False
EA015,Sant Celoni,Tordera,La Tordera,2.488976,41.680341,2.48875,41.680417,20.6,124.29,124.62,0.997,True,082021-001,651.3597554718286,97.78406095283424,5.050663824311772,0.0,577.9957694829174,950.0929480710569,93.53968779929005,1028779805.9891702,0.0,0.0,12.979766228853755,0.0,74.428866562248,6.135533972886404,0.0,0.0,0.0,0.0,0.0,0.05455894920611612,0.0,3.1442954739930817,0.0,2.228888322150026,0.0,0.0,0.0,0.0,0.0,0.05854958248472539,168.8068995792871,168.80251688275666,0.2496441423707279,0.0,39.0,3.9792314054172047,0.15449942261536173,0.0,2818.1208204620057,59.35233287487546,838.5952461203569,0.0,0.0,0.0,0.0,0.0,0.0,0.0,57.547938308275896,10.250997192287343,0.0,32.201064499436754,0.0,0.0,0.0,0.0,151.62571975105033,816.6618396710677,0.0,1077.217271541241,7.968994682608229,82.86886680364674,132.22623899544942,12.347204978418745,0.0,0.0,0.0,0.0,0.0,0.0,0.0,0.0,0.0,0.0,0.0,2.5871935673068376,9.812028580000295,3.7925374830821856,0.0,-0.6817966365962919,0.44293558537724054,0.053388090349075976,1.2621359223300972,0.6543463381245722,4.3974241030358785,459.647395002658,1683.0,,False
EA016,Esponellà,Fluvia,El Fluvià,2.798649,42.177583,2.799583,42.177917,85.6,803.77,803.86,1.0,True,170656-005,677.0552489013996,100.07727847225554,4.797959041505717,2.034171401968399,586.3740164567873,897.8925171494253,94.67759869678859,481125594.49797416,0.0,0.0,35.28058551232817,0.0,35.66401785916396,23.48250037837068,0.0,0.0,0.0,0.0,0.0,0.1439642922860436,0.010992610018959754,0.18070417516307014,0.0,4.56325669064556,0.0,0.0014897124985754628,0.0,0.0,0.0,0.6020064956869937,112.24637510180025,94.05288177910158,0.7248947764706754,0.0,15.0,1.6689216267678366,0.14329936465925097,0.05176384829404085,1450.163985042453,52.023539864773085,853.5647525241817,0.0,0.0,21.621473780674062,0.009683131240740508,0.0,0.0,0.0,58.909035243921856,0.05251737820519598,0.0005793292998436705,19.159991320091112,0.0,9.65548833072784e-05,0.0,0.0,69.54124565586164,848.830045151989,0.0,426.20804690959676,7.243984330662091,83.96339942427367,126.82781296170263,2.505167353787144,0.018652562352091433,0.0,0.0,0.0,0.0,0.0,0.0,0.0,0.0,0.018652562352091433,0.0,3.6864235381341297,4.360062252851481,1.1827350296971875,0.0,-0.040155474790811295,0.8971083411967716,0.04777549623545517,1.259927797833935,0.5683093771389459,3.586609071274298,531.5657838963529,1606.0,,False
EA019,Roda de Ter (Pont Vell),Ter,El Ter,2.308431,41.980181,2.30875,41.980417,37.2,1392.59,1400.0,0.995,True,081831-003,657.4791720075395,125.18902367963608,12.188755720683014,2.5651046259780315,1113.1484154172229,4121.014781541644,79.3105267409323,690879549.8144206,0.0,0.0,27.142356939720646,0.0,31.29403911588614,21.0615680672083,0.0,0.0,0.0,0.0,0.0,0.0017143261729576883,7.756745035367967,3.985292962517081,0.0,8.257112070679343,0.0,0.003092147755817451,0.0,0.0,0.0,0.63524842276759,136.20696828771852,135.5924739604284,15.669702686970707,0.0,15.0,0.41030143512461525,6.904572617184153,0.12681546562195187,1817.0798909608368,27.42334823167606,774.7254750778551,0.0,0.0,21.71735039692161,1.0000496016805214,0.0,0.0,0.0,56.02988916198091,0.37239275647725933,0.8181751042228108,19.75065690758968,0.0,0.4700704555315204,0.0,0.0,102.39018531765538,933.8833191903881,0.0,600.4668308926206,10.11515579112684,88.83758332872951,98.02786342448984,6.057021828361417,0.09964072298867648,0.0,0.0,0.0,0.0,0.0,0.0,0.0,0.0,0.09964072298867648,0.0,2.988102927448033,4.616535697707594,1.5449721143475843,0.0,-0.21360322347665192,0.8979197737214076,0.04277891854893908,1.2278978388998036,0.5625598904859686,3.47673434856176,967.385333401786,2901.0,,False
EA020,Girona (Onyar),Onyar,El Ter,2.82455,41.975059,2.824583,41.975417,39.8,297.84,321.79,0.926,True,170792-003,628.5975532139315,84.79165447831029,7.253435317935121,2.7113331570961807,168.0233013595771,1552.0527539206166,79.11124630589835,1490715187.3556583,0.0,0.0,23.66427823688873,0.0,33.526139304580155,21.909387071634637,0.0,0.0,0.0,0.0,0.0,0.3027054639678689,0.0,7.612589494537423,0.0,11.558861206414813,0.0,0.0,0.0,0.0,0.0,0.8081614474115718,254.38266051676635,229.13341974800517,5.99363926440332,0.0,32.0,9.009855435740683,7.619898038084441,0.0,3607.7178400633425,24.630788089718116,879.8741392946346,0.0,0.0,0.2144333700725613,0.0,0.0,0.0,0.0,20.181130657384774,23.170726494159254,0.0,56.43600526046136,0.0,0.0,0.0,0.0,195.01054190522225,748.1921496063135,0.0,1239.0066116153387,3.5929921876047803,76.7742971324209,150.7676649948742,10.17587993169754,0.0009030939673691352,0.0,0.0,0.0,0.0,0.0,0.0,0.0,0.0,0.0009030939673691352,0.0,2.197299852316748,7.508742637434659,3.417258973333899,0.0,-0.6345598111436385,0.529394962126357,0.05167693360711841,1.3153310104529616,0.6956194387405886,4.876679462571977,145.47825527750595,801.0,,False
EA023,Castellbell i el Vilar,Llobregat,El Llobregat,1.858397,41.646562,1.85875,41.64625,45.4,3327.67,3326.85,1.0,True,080538-005,614.8244847795868,92.90273558629683,11.392830819208406,161.2414467349604,775.7584300625748,3524.0781574752536,77.8434901965925,477108091.442437,0.0,0.0,14.830487748663483,0.0,55.259135886674315,7.772923731683152,0.0,0.0,0.0,0.0,0.0,6.360813244502854,0.01022724196965343,2.1041099484202106,0.0,13.490257523077672,0.0,0.06810229916656543,0.0,0.0,0.0,0.1978512387679476,129.2608352693904,98.95406431037249,1.7611314264587097,0.0,21.0,0.6001139488172695,7.54021338994717,0.9725635820419994,1420.437806878164,20.123454671995262,848.9139594324957,0.0,0.0,0.030883968247242995,6.776532057524577,0.0,0.0,0.0,38.79543429397184,3.5361293662389883,0.0028344762502683337,50.84248170650329,0.0,0.0006594803818566744,0.0,0.0,74.22213378442176,770.3035447860777,0.0,536.3180471934533,6.511926593443213,76.57902650193219,117.66955920018555,3.4983105492690756,0.0,0.0,0.0,0.0,0.0,0.0,0.0,0.0,0.0,0.0,0.0,2.3607384523899966,7.077061799876061,2.997816972359343,0.0,-0.5702390362979232,0.620067043189773,0.05181382614647502,1.240983606557377,0.6435318275154004,4.269754768392371,663.471028961572,2539.0,E12|E13|E14,True
EA026,Montseny (la Llavina),Tordera,La Tordera,2.397458,41.75263,2.39875,41.752917,112.0,47.28,47.33,0.999,True,081379-001,652.1751960289043,98.02408472415816,4.999192043910847,0.0,582.6234589882428,942.2425583031478,93.87602765564698,904887020.927767,0.0,0.0,13.004665791782218,0.0,74.45376149611111,6.417582862002518,0.0,0.0,0.0,0.0,0.0,0.011390942369680895,0.0,2.9904828243052313,0.0,2.143706472894756,0.0,0.0,0.0,0.0,0.0,0.022371486860502374,166.8402424053822,166.72259313359083,0.08231151326794131,0.0,9.0,3.921206706583973,0.40615418634320954,0.0,2778.883065166257,59.4068392450222,838.0420719415476,0.0,0.0,0.0,0.0,0.0,0.0,0.0,57.66633170658345,10.628498003106921,0.0,31.705170290309624,0.0,0.0,0.0,0.0,141.9610976907242,818.1772781225482,0.0,1055.0548749968495,8.014785186776946,83.00543627657242,131.9546021349786,11.950304073807288,0.0,0.0,0.0,0.0,0.0,0.0,0.0,0.0,0.0,0.0,0.0,2.7221124255254305,11.846189758059216,4.351837068512197,0.0,-0.7242421521552234,0.36969045855128957,0.053456536618754276,1.2476038338658146,0.6388774811772758,4.219710669077758,987.5111534276388,1680.0,,False
EA027,Vilanova de Sau (riera Major),Major,El Ter,2.422524,41.964338,2.422917,41.964583,42.4,133.78,130.0,1.029,True,083036-003,678.6025251860849,106.77243603384072,0.28228959273223264,2.9422854488683083,804.1684283906998,833.4400644661789,99.7028745695988,86339401.17066285,0.0,0.0,11.15946084554253,0.0,46.23835545698675,42.305058267069505,0.0,0.0,0.0,0.0,0.0,0.003965113214752972,0.0,0.035295059021916625,0.0,0.24285732180021014,0.0,0.0,0.0,0.0,0.0,0.01942500159836933,62.92850044112649,54.07803978075152,1.2417020789858852,0.0,12.0,0.048089854982181046,26.745817605963705,0.11276125879462481,1094.1267251511965,49.69762999941099,815.7414447425241,0.0,0.0,0.00017336803010663187,0.0,0.0,0.0,0.0,31.4393157039086,64.83001286475071,0.0,3.7304980633105655,0.0,0.0,0.0,0.0,24.1042413843131,867.8793263032022,0.0,596.1131487747517,10.884725521115241,86.90985943014314,119.30075130510194,0.27510200549070185,0.060392782872208776,0.0,0.0,0.0,0.0,0.0,0.0,0.0,0.0,0.060392782872208776,0.0,2.9927159340442797,6.596218331265676,2.2040910252219343,0.0,-0.4484294920520722,0.7005359465272374,0.05099247091033539,1.2375415282392026,0.6157426420260096,3.924956369982548,771.5227362376274,1680.0,,False
EA028,Montblanc,Francoli,El Francolí,1.179845,41.364783,1.17875,41.364583,94.3,345.88,332.45,1.04,True,430862-001,537.1209677547952,67.88381106960702,39.78386416464277,0.0,581.2014441797423,2729.572629554424,24.897807577423546,232657874.13083544,0.0,0.0,4.883352759737944,0.0,17.86049249465629,1.7629777717544797,0.0,0.0,0.0,0.0,0.0,6.922177305290202,0.0,2.658038003246677,0.0,65.16960458550578,0.0,0.0,0.0,0.0,0.0,0.3523490362583243,151.95196244402837,139.56966337990775,1.7687460295171502,0.0,9.0,1.5058986043239675,0.2901453660372195,0.0,1626.6273274754913,23.325006026026063,934.7120471928349,0.0,0.0,0.0,0.0,0.0,0.0,0.0,0.0,16.83763647176637,0.0,83.16236352823366,0.0,0.0,0.0,0.0,35.56496745640542,631.393566007688,0.0,522.1672879134316,3.0057430285919247,61.84463575241669,131.70888605229484,2.060500989202554,0.0,0.0,0.0,0.0,0.0,0.0,0.0,0.0,0.0,0.0,0.0,1.6845430930660599,4.918779285299298,2.9199486231881195,0.0,-0.5481337932059688,0.7544472187049335,0.057700205338809034,1.3171875,0.754072553045859,5.974511930585683,537.4848200074964,1197.0,,False
EA033,Ripoll,Ter (riu + CH),El Ter,2.19423,42.172192,2.194583,42.172917,85.6,737.24,736.91,1.0,True,171707-001,647.7744198644587,148.95153235775547,6.24843026691939,1.098088519357215,1439.3610889075662,5291.47930399725,76.44223182711498,191057940.47371656,0.0,0.0,34.65713461870176,0.0,31.577841915643056,10.62664233033286,0.0,0.0,0.0,0.0,0.0,0.0,14.646076809114629,7.523287477672422,0.0,1.4415296727533922,0.0,0.0058406488613655175,0.0,0.0,0.0,0.0013647340908908576,98.33954348467331,106.81216506061818,11.068899989690765,0.0,15.0,0.041080829316220875,0.12231670539045361,0.0,990.6860092423077,32.463248980809915,721.6253122036399,0.0,0.0,40.94378357882359,1.8889584290968808,0.0,0.0,0.0,54.96724646714449,0.0,1.545422104065421,0.06623436466714155,0.0,0.8878995079379479,0.0,0.0,25.547505205850655,1036.3729554438557,0.0,296.92925942790566,15.246178150171504,93.12846419607965,78.51820205242049,1.3548812665238914,0.0,0.0,0.0,0.0,0.0,0.0,0.0,0.0,0.0,0.0,0.0,3.0555105758585994,3.872902545573531,1.2675140371540832,0.0,-0.0805123173930824,0.9484242632406977,0.04209445585215606,1.2374245472837022,0.5637234770704996,3.469250210614996,1351.3357506777045,2901.0,,False
EA035,Montornès del Vallès (el Mogent),Mogent,El Besòs,2.265267,41.546723,2.265417,41.547083,41.9,178.23,181.01,0.985,True,081363-002,605.8258199520486,83.2574763188909,10.898134343714291,0.0,328.88343803515363,2029.9355751256778,66.37793074948205,3883028725.372156,0.0,0.0,15.715591306909404,0.0,48.44754322974846,2.225309464085938,0.0,0.0,0.0,0.0,0.0,2.0119238108202646,0.0,18.41218106630399,0.0,12.07987763471584,0.0,0.0,0.0,0.0,0.0,1.0930701634850335,281.68007720331036,281.715988594947,4.390572358560952,0.0,39.0,4.939811591134445,0.42223829793521306,0.0,5097.624048213311,34.26508253231958,875.2938245361374,0.0,0.0,0.0,0.0,0.0,0.0,0.0,35.23015913057364,0.49249941253590973,0.0,64.27734145689045,0.0,0.0,0.0,0.0,425.24249458205924,724.5901280642393,0.0,1965.5438751888203,6.007950763028234,74.16804478281628,146.71417425418986,30.88433071808239,0.0,0.0,0.0,0.0,0.0,0.0,0.0,0.0,0.0,0.0,0.0,2.2014274522911523,5.975334490753236,2.714299980466929,0.0,-0.5462975730724946,0.6792748183830262,0.05195071868583162,1.2756302521008402,0.6801505817932922,4.7161841480778355,251.4563507704154,1304.0,,False
EA037,La Garriga,Congost,El Besòs,2.284059,41.697144,2.285417,41.697083,113.2,143.88,146.27,0.984,True,080885-001,629.6292432069553,90.06776283413795,16.385846439024604,0.0,556.7103924625502,2064.840575828602,69.0867623617584,4611412177.704926,0.0,0.0,7.967547932641297,0.0,50.55261317385658,10.565307078450928,0.0,0.0,0.0,0.0,0.0,0.9768162507271232,0.0,2.956972070870598,0.0,24.014746797999482,0.0,0.0,0.0,0.0,0.0,2.9590452622614793,259.96170764088157,254.7940039516243,10.55738073877588,0.0,9.0,1.9898959110320567,35.84453880158211,0.0,3951.7351206510275,36.512794582402556,851.8812874011845,0.0,0.0,0.0,0.0,0.0,0.0,0.0,27.858805432418766,0.09077504011084428,0.0,72.05041952747041,0.0,0.0,0.0,0.0,523.6908346289373,760.6269641354575,0.0,1524.3298570202928,5.941185497954262,79.0527045017352,133.85081100302668,23.80240213973417,0.0,0.0,0.0,0.0,0.0,0.0,0.0,0.0,0.0,0.0,0.0,2.402610451331629,7.402990975245543,3.0812281579573124,0.0,-0.5879080698244049,0.6159693247660921,0.053456536618754276,1.2576489533011272,0.6600273785078713,4.4031963470319635,659.3763082310356,1375.0,,False
EA039,Sant Quintí de Mediona,Mediona,El Llobregat,1.6641,41.458697,1.669583,41.45875,458.1,68.98,68.58,1.006,True,082362-001,547.2209080508388,72.01779603458252,45.78624674084306,0.0,415.4220096942721,4039.881081925776,31.46237958818151,1031639306.707229,0.0,0.0,4.990636269831347,0.0,26.47174331835016,0.0,0.0,0.0,0.0,0.0,0.0,12.0572590495771,0.0,9.640041732124494,0.0,45.867479394868056,0.0,0.0,0.0,0.0,0.0,0.029906156920738673,218.02022511578795,194.29765987341662,2.9999999999999996,0.0,3.0,0.9999999999999999,0.20511834937714363,0.0,3663.0914557980163,25.771038184296067,897.9570198424143,0.0,0.0,0.0,0.0,0.0,0.0,0.0,0.0,56.000485892029225,0.0,43.999514107970754,0.0,0.0,0.0,0.0,158.8811389955547,644.2087979285008,0.0,951.0939711897311,2.9766710122450237,65.04770219150325,142.90544670508154,9.719392425558075,0.00932356133532471,0.0,0.0,0.0,0.0,0.0,0.0,0.0,0.0,0.00932356133532471,0.0,2.0649717622128048,4.246254360421476,2.0563256302697472,0.0,-0.3858859670672083,0.9336360903466557,0.055441478439425054,1.296,0.7026694045174537,4.9642166344294,577.4646475350769,940.0,,False
EA040,Serinyà,Ser,El Fluvià,2.730573,42.169599,2.730417,42.17125,183.8,120.47,114.99,1.048,True,171903-002,674.2618610559388,95.18906461048336,5.028952887533924,0.0,408.7565843606288,824.1458408879132,95.91108540114402,128053575.94914912,0.0,0.0,26.68465171605297,0.0,53.956893019087715,15.272244491121606,0.0,0.0,0.0,0.0,0.0,0.0,0.0,0.005407650236538866,0.0,4.042005309568246,0.0,0.0,0.0,0.0,0.0,0.04414605206245082,75.48713510226769,68.20020009095265,0.004047979554230417,0.0,3.0,1.0519182293955496,0.0,0.027038251182694328,1062.3181959585002,30.57428952959789,872.3259236376327,0.0,0.0,31.90401657952238,0.0,0.0,0.0,0.0,55.21234321085741,0.0027242985555576546,0.0,12.880234836425748,0.0,0.0,0.0,0.0,43.84357499133087,826.8965888902087,0.0,284.51018301617205,7.939099453982369,82.07730632843061,136.6987525022695,0.2356402401090391,0.002703825118269433,0.0,0.0,0.0,0.0,0.0,0.0,0.0,0.0,0.002703825118269433,0.0,3.509213198468065,4.200844984461725,1.1970902726273767,0.0,-0.036975364687948216,0.9587261931671419,0.04729637234770705,1.2540834845735027,0.5837782340862423,3.6402048655569783,381.4059109705668,1016.0,,False
EA041,Cornudella de Montsant (assut transvassament),Siurana,L'Ebre,0.889322,41.235235,0.890417,41.235417,94.0,87.63,85.0,1.031,True,430496-002,527.5723353040614,64.82708804797605,8.224118302910885,1651.8729539983824,566.5363478290179,1856.1912995485825,62.76886414206016,485556536.1060604,0.0,0.0,1.1921159985852223,0.0,57.61669834409635,3.0007126490377725,0.0,0.0,0.0,0.0,0.0,25.2223550318856,0.0,0.3369000065639868,0.0,11.670515903447148,0.0,0.0,0.0,0.0,0.0,0.03929793361608095,67.8303202642187,78.19574602337852,1.7464238910683183,0.0,16.0,1.9476624227988144,2.4416207298935104,1.9085764921991708,996.6222710658135,48.5281165359054,965.6353265251911,0.0,0.0,0.0,0.0,0.0,0.0,0.0,0.0,4.696589690434131,0.0,95.30341030956588,0.0,0.0,0.0,0.0,41.4303035464568,621.2266741449182,0.0,571.8341196176758,4.885915517962887,58.90227620217639,133.74039055733803,1.1539671162430363,0.0,0.0,0.0,0.0,0.0,0.0,0.0,0.0,0.0,0.0,0.0,1.4309251177201103,5.168530686436473,3.6120203792854517,0.0,-0.6337489645934445,0.6248661287084879,0.05811088295687885,1.3183229813664596,0.7832306639288159,6.739104829210836,761.5598990145777,1149.0,E18,True
EA044,Montcada i Reixac (el Ripoll),Ripoll,El Besòs,2.18632,41.487815,2.18625,41.487917,12.7,219.55,220.55,0.995,True,081252-004,548.6909195687923,72.94885536717975,7.863351318716637,0.08956525476653164,324.16219871185,567.6430402539169,57.19278712065125,17413190038.176453,0.0,0.0,3.068085200233498,0.0,53.04165746311772,2.069581433753407,0.0,0.0,0.0,0.0,0.0,5.165388537524425,0.0,6.9530228933780585,0.0,16.536224943234057,0.0,0.0,0.0,0.0,0.0,14.133994548312094,315.33151776655484,315.51765471230453,6.2296309962538405,0.0,32.0,1.0106776904090982,7.0635791827986125,0.0,5181.931907478511,32.316113369378414,891.2227572845718,0.0,0.0,0.0,0.0,0.0,0.0,0.0,0.0011398409334373895,37.08307812480555,0.0,62.91578203426099,0.0,0.0,0.0,0.0,2080.8140111336033,645.650302533786,0.0,5125.10031956615,3.9311220169022305,65.95395319290012,149.1045595136105,48.82694992021183,0.0,0.0,0.0,0.0,0.0,0.0,0.0,0.0,0.0,0.0,0.0,1.8484159483113156,4.672320891864182,2.527743225832228,0.0,-0.4748998555095332,0.879346010415835,0.05462012320328542,1.2808988764044944,0.7149897330595483,5.166172106824926,259.3749410099104,1089.0,,False
EA045,Santa Perpètua de Mogoda,Riera de Caldes,El Besòs,2.197702,41.522573,2.19875,41.522917,95.4,110.58,,,True,,571.1062279243191,77.0182583165549,14.020318050336236,0.0,372.6897762518401,1166.4987322925801,66.69050856419749,1742264723.5862572,0.0,0.0,16.79125614449731,0.0,49.83305764638617,1.029949133055017,0.0,0.0,0.0,0.0,0.0,8.963094449503668,0.0,8.035682051005587,0.0,16.160775338687994,0.0,0.0,0.0,0.0,0.0,1.099306865627801,283.91231275105184,286.8060316708179,4.131986568372205,0.0,23.0,2.020676960241956,41.65482597964329,0.0,4675.282828107272,12.310340382680998,882.9591366027643,0.0,0.0,0.0,0.0,0.0,0.0,0.0,0.00020145395334886254,30.4367609666584,0.0,69.56303757938828,0.0,0.0,0.0,0.0,523.5643082942971,674.1484401595316,0.0,2569.0857222508416,4.9471918001400175,69.02238084234777,145.0250018882328,33.30140102624163,0.0,0.0,0.0,0.0,0.0,0.0,0.0,0.0,0.0,0.0,0.0,1.9588666714216998,5.032185756848336,2.5689271405062466,0.0,-0.4739771442113662,0.8880331041441842,0.055509924709103355,1.2893481717011128,0.7107460643394935,5.048128342245989,345.4280122013219,952.0,,False
EA046,Lliçà de Vall,Tenes,El Besòs,2.24562,41.586525,2.245417,41.58625,34.9,146.2,150.0,0.975,True,081081-001,603.1581473267121,83.08436667419971,16.892369761597227,0.0,473.9275015308184,1803.3495435469654,66.26476700290569,2166621060.661408,0.0,0.0,12.005586002222906,0.0,51.08161261244702,2.2482373148427435,0.0,0.0,0.0,0.0,0.0,3.0547694753459487,0.0,11.606516866416136,0.0,18.052935434853442,0.0,0.0,0.0,0.0,0.0,0.09157541369126862,233.95646984530669,232.62966335346863,4.117728930934452,0.0,14.0,2.938852635959857,41.46611892797009,0.0,4068.3608210260604,24.201207262319652,866.7805821899854,0.0,0.0,0.0,0.0,0.0,0.0,0.0,0.7219124998441868,26.15801321776708,0.0,73.12007428238873,0.0,0.0,0.0,0.0,435.48175988768253,715.4852952847552,0.0,1905.416933273294,4.075942455287656,74.05485472657742,138.88111014893238,29.63607169759584,0.0,0.0,0.0,0.0,0.0,0.0,0.0,0.0,0.0,0.0,0.0,2.119649446097345,4.927448835880638,2.324652713189417,0.0,-0.41935030701851156,0.9463435375791243,0.05537303216974675,1.274015748031496,0.6939767282683094,4.823501427212179,589.4363636363636,1022.0,,False
EA047,Santa Coloma de Gramenet,Besos,El Besòs,2.200345,41.450938,2.20125,41.45125,83.2,1007.2,1018.25,0.989,True,082457-001,585.9419006383658,80.22272412766539,12.842563436139416,0.01952334291575532,386.21652223883945,1483.1441268117849,61.41775398873229,6597319393.36423,0.0,0.0,9.95420696584862,0.0,47.805592680609216,3.861657689312583,0.0,0.0,0.0,0.0,0.0,4.939733417324081,0.0,8.784098466215111,0.0,19.07145239349232,0.0,0.0,0.0,0.0,0.0,5.6881801843779325,286.532984585917,285.58885819030843,8.16313601007204,0.0,59.0,2.5513448675668933,22.67289378404807,0.0,4778.536607168322,28.103619780524507,876.5563378744615,0.0,0.0,0.0,0.0,0.0,0.0,0.0,12.601989804687587,24.956314452645255,0.0,62.44169574266716,0.0,0.0,0.0,0.0,1152.4389840894464,697.0394062080744,0.0,3108.764837193465,4.580809274546584,71.63769093032786,144.27706614023387,37.80660907408674,0.0,0.0,0.0,0.0,0.0,0.0,0.0,0.0,0.0,0.0,0.0,2.060409000072818,5.292142881741198,2.5684914410460085,0.0,-0.4937120477781993,0.8140183096096719,0.053593429158110883,1.2899505766062602,0.690280629705681,4.804668889947594,291.453775457687,1375.0,,False
EA049,Sant Joan Despí,Llobregat,El Llobregat,2.0466,41.351811,2.04625,41.352083,42.1,4907.51,4907.79,1.0,True,082172-002,593.0011810496444,86.04374824538587,15.80844550083246,126.3605042389922,651.279439483514,3517.2731048856895,63.682499743251,1313633151.1295047,0.0,0.0,11.90635331416648,0.0,45.859845453964354,6.013610474646945,0.0,0.0,0.0,0.0,0.0,8.78559900912148,0.006935100339768604,3.291303167176495,0.0,22.789702197118558,0.0,0.0461802194071939,0.0,0.0,0.0,1.2965653111134932,169.30419945746485,144.03408098366904,4.241315827088662,0.0,62.0,0.790104348272229,5.501940638433118,0.6594960839177645,2264.02617659769,19.956928083675997,865.5191975301539,0.0,0.0,0.020942441698395233,4.595171397531986,0.0,0.0,0.0,26.30721267296896,17.715682059934668,0.0019220604405986916,51.34842038440669,0.0,0.0004471941344358354,0.0,0.0,283.6323623171431,729.4647745216753,0.0,1033.2295976332575,5.430337899096609,72.82883889253776,126.21447844319789,10.180322901101698,0.0010336827865056746,0.0,0.0,0.0,0.0,0.0,0.0,0.0,0.0,0.0010336827865056746,0.0,2.23190630909129,6.186720211003568,2.7719444072553663,0.0,-0.5352306977506975,0.6895412740123622,0.052224503764544836,1.2759197324414715,0.6552361396303902,4.438108484005563,583.5620402926666,2536.887867647059,E12|E13|E14,True
EA050,Sant Llorenç de la Muga,Muga,La Muga,2.781909,42.316501,2.78125,42.317083,84.4,75.67,76.0,0.996,True,171714-001,634.2549808075851,90.08542977834283,6.006227351471289,698.0713129438379,473.9330885594949,803.411599474652,93.94409824964997,114949520.76649284,0.0,0.0,11.08238625915785,0.0,65.7827886388044,17.073734759539338,0.0,0.0,0.0,0.0,0.0,0.0027994788683352438,0.0076670242928023324,2.9703086645686723,0.0,3.074193422997464,0.0,0.0,0.0,0.0,0.0,0.0018663192455568292,59.50190062664576,44.394429405626525,3.980493511423449,0.0,9.0,1.0073853679864415,0.014930553964454633,8.89892608568632,919.2867722998977,38.98457005660221,876.7937854749326,0.0,0.0,0.1505509944557354,0.006133619434241866,0.0,0.0,0.0,75.56636608647315,5.949414263667557,0.0,19.313582573378543,0.0,0.0,0.0,0.0,14.771030323777998,780.5411491619551,0.0,448.5477364759955,7.995334201886109,77.05288166221285,131.9535433059764,0.015530799200236685,2.966308695228773,0.0,0.0,0.0,0.0,0.0,0.0,0.0,0.0,2.966308695228773,0.0,3.5087267124944765,9.618081177456556,2.7411884611038078,0.0,-0.5797168816381261,0.4722106051859286,0.0486652977412731,1.2880434782608696,0.6109514031485284,3.9114811568799297,571.5800846134189,1399.0,,False
EA051,Maçanet de Cabrenys,Arnera,La Muga,2.789149,42.372326,2.789583,42.372083,44.8,60.9,60.5,1.007,True,171024-001,633.7486649823157,89.96792549225377,5.988539969340966,700.2792562582924,472.7711134993561,801.446670593376,93.91999915496982,113581454.43787411,0.0,0.0,11.085843843454954,0.0,65.77954138502263,17.051392869710316,0.0,0.0,0.0,0.0,0.0,0.0435892961201579,0.008851348970630704,2.9923082190402734,0.0,3.035251980899119,0.0,0.0,0.0,0.0,0.0,0.00435892961201579,59.66271542590879,44.638896883214194,3.9856559695667224,0.0,1.0,1.0064245393624964,0.0,8.92707267184792,922.3275770476638,38.76389309801173,877.0863243041891,0.0,0.0,0.06372971258854107,0.007081079176504563,0.0,0.0,0.0,75.97839946236606,6.0922854725610325,0.0,18.850401236846515,0.0,0.0,0.0,0.0,14.646966957574794,779.7522132787591,0.0,452.72035404845633,7.983087331619346,76.97217272393371,132.00965158370158,0.018488703156109697,2.9756908906159736,0.0,0.0,0.0,0.0,0.0,0.0,0.0,0.0,2.9756908906159736,0.0,2.979712513567717,12.182763215609127,4.08857000805835,0.0,-0.7097454594038468,0.3664848019905361,0.044216290212183436,1.2842942345924453,0.6236824093086927,3.9703703703703703,579.6649929527836,1434.0,,False
EA052,Qualitat - Castelló d'Empúries,Muga,La Muga,3.071999,42.254381,3.072917,42.254583,79.0,777.63,755.57,1.029,True,170470-003,583.5248285051703,78.02606123738803,16.35415384836486,218.29730837496382,289.40732991484595,1118.696239373941,72.34023013064296,651647433.3026896,0.0,0.0,12.984188637793846,0.0,46.17870538938319,12.934463477383481,0.0,0.0,0.0,0.0,0.0,4.818999713886954,0.0014393034819464609,4.290535483395699,0.0,18.222679003518678,0.0,0.0,0.0,0.0,0.0,0.8032825916549836,140.41873100095904,110.15402413483218,8.583127209343324,0.0,91.0,4.682206589929276,3.947058359243703,2.638065293785271,1873.0640436968206,29.803286658735253,906.575243913225,0.0,0.0,5.230739840788556,0.0011514427855571687,0.0,0.0,0.0,48.059758048389796,16.334295947493708,0.0,30.853233289450042,0.0,0.0,0.0,0.0,91.4676300270203,701.6291884777373,0.0,760.3149962008495,4.724781754396789,69.66567214299693,142.30899396664768,4.009179584010445,0.8793550979284237,0.0,0.0,0.0,0.0,0.0,0.0,0.0,0.0,0.8793550979284237,0.0,2.482701816312619,8.124568470301766,3.2724705064938533,0.0,-0.6153225068053002,0.5667797248267697,0.04791238877481177,1.3435700575815739,0.6691991786447639,4.444090909090909,195.41078230766604,1434.0,E01,True
EA053,Garrigàs,Fluvia,El Fluvià,2.954792,42.153578,2.95375,42.15375,88.2,920.06,,,True,,661.6690063207337,96.43500680063241,8.439023380519505,2.002031534000339,525.8543938336458,975.8335308086142,90.0826853144595,469233829.5948188,0.0,0.0,34.17823652164714,0.0,34.13177378871433,21.55033089025944,0.0,0.0,0.0,0.0,0.0,0.9908858212630024,0.009603287400812129,1.1404302681590262,0.0,7.403620408370654,0.0,0.001301432257100658,0.0,0.0,0.0,0.5315490497517273,121.33314787530725,97.59712504105782,2.747109460946646,0.0,15.0,2.4626001443008882,0.7786534980891794,0.04522157260944608,1489.1013658520628,45.642822954760504,861.8968332792371,0.0,0.0,20.39637740203732,0.008459309671154276,0.0,0.0,0.0,51.51717428788641,0.09861771510907649,0.0005061096278785765,27.762633228913558,0.0,8.435160464642942e-05,0.0,0.0,66.17026293594327,824.3221415795565,0.0,482.61102290875,6.5911718249718225,81.59224563571365,130.1048308749649,2.232842211993512,0.016989420624413724,0.0,0.0,0.0,0.0,0.0,0.0,0.0,0.0,0.016989420624413724,0.0,3.539646335734587,4.476523929579105,1.2646811305373213,0.0,-0.08408685986267393,0.9220328807563245,0.04695414099931554,1.2727272727272727,0.5770704996577687,3.6215635738831615,483.317353537458,1606.0,,False
EA056,Sant Feliu de Buixalleu (riera d'Arbúcies),d'Arbucies,La Tordera,2.598931,41.760265,2.59875,41.76125,110.4,107.49,,,True,,670.9535058032602,101.98079557930568,1.0088969616656884,0.0,582.6358835509045,598.5354391092225,98.97607799389077,379812782.1624547,0.0,0.0,15.991727189743651,0.0,64.95892520252409,18.02182899505059,0.0,0.0,0.0,0.0,0.0,0.0003569889882050434,0.0,0.9997000589696023,0.0,1.0141442068238742,0.0,0.0,0.0,0.0,0.0,0.0015065127749840583,139.0242901879062,136.99199518964883,0.004257089791475084,0.0,1.0,1.0060430157514328,0.05208309005066264,0.0,1966.8616413257773,38.00892756357973,838.0417158105624,0.0,0.0,0.0,0.0,0.0,0.0,0.0,63.87913197806479,36.05397679652197,0.0,0.06689122541324266,0.0,0.0,0.0,0.0,68.49575167254338,850.8706499434591,0.0,484.0405613687367,8.996949107124289,84.99129108943616,131.0179329018748,5.009260563116364,0.0,0.0,0.0,0.0,0.0,0.0,0.0,0.0,0.0,0.0,0.0,2.932232363014943,10.357369171001247,3.5322470693801784,0.0,-0.6627533054532037,0.4324791763043514,0.05174537987679671,1.2413793103448276,0.62943189596167,4.120071684587813,571.5747929665342,1663.0,,False
EA058,la Riba (el Brugent),Brugent,El Francolí,1.179009,41.319743,1.179583,41.319583,51.2,68.93,,,True,,553.9697307347608,71.79811371316076,15.988522193325851,9.108311237424513,639.9646130586942,1440.2794864517064,79.88493002754682,269923781.57090205,0.0,0.0,6.89964835148811,0.0,71.84041492773875,0.16512611755300774,0.0,0.0,0.0,0.0,0.0,6.170390326614897,0.0,1.2352098414528998,0.0,12.680506008655035,0.0,0.0,0.0,0.0,0.0,0.016593992476849385,143.97159051991594,139.0985567640566,4.932294843597879,0.0,16.0,4.260150876597367,5.100872772431036,0.010523756484603712,1630.459178635273,64.06759418379613,916.8196589558476,0.0,0.0,0.0,0.0,0.0,0.0,0.0,0.0,77.20207057407585,0.0,22.797929425924156,0.0,0.0,0.0,0.0,69.4947901228529,652.73784946594,0.0,618.6405171466071,6.911171841094236,64.83812651551985,129.27058972767466,1.1963883394861965,0.0,0.0,0.0,0.0,0.0,0.0,0.0,0.0,0.0,0.0,0.0,1.5325749341294392,5.487134822207335,3.5803370523766502,0.0,-0.6414621572844504,0.5944743349870134,0.056536618754277894,1.3152866242038217,0.7700889801505818,6.392613636363636,781.3152173913044,1197.0,,False
EA060,la Cellera de Ter (Pasteral I),Ter,El Ter,2.603219,41.985433,2.602917,41.985417,25.1,1800.03,1799.32,1.0,True,171899-003,663.9706121675509,120.67747715183094,10.4478690760204,53.29709771533762,1024.934946876123,3463.5690114520903,83.57837553521257,586751649.712493,0.0,0.0,26.099921194127777,0.0,34.27679264244506,23.345841026756254,0.0,0.0,0.0,0.0,0.0,0.0016209790282056503,6.001064144683676,3.0860489008998244,0.0,6.795672659902125,0.0,0.0023922633711551313,0.0,0.0,0.0,0.49626333895327573,124.38765750575038,122.57190017153135,13.817283667137655,0.0,15.0,0.4752064698628383,12.529723007646423,2.189898042481572,1698.5516722188327,31.201981225630405,786.8602976814518,0.0,0.0,16.828441149396816,0.7736958969498313,0.0,0.0,0.0,51.90949216511258,12.399698181314,0.6329873238886756,17.215529375850178,0.0,0.36367354390313666,0.0,0.0,88.38941635972182,919.4982344488262,0.0,598.5904436260473,9.627618881910006,88.41234541621513,103.55490322734205,5.022809055668219,1.263448593887941,0.0,0.0,0.0,0.0,0.0,0.0,0.0,0.0,1.263448593887941,0.0,3.0511224723963473,4.678984158605688,1.5335287917599785,0.0,-0.2098782032717065,0.8877120441840155,0.043121149897330596,1.2352941176470589,0.5647501711156742,3.497668503603222,887.348870639774,2901.0,E06|E07|E08,True
EA061,Cornellà del Terri,Terri,El Ter,2.798988,42.100849,2.800417,42.099583,183.6,34.8,23.78,1.464,False,170561-001,631.7138317939384,85.1660073939392,12.86719408484865,0.0,220.08773752726887,2301.9328835151828,73.38181700606012,1101545927.7940438,0.0,0.0,14.199208872727025,0.0,33.365216266666216,26.800791127272976,0.0,0.0,0.0,0.0,0.0,0.0,0.0,1.9667985212121626,0.0,21.701186690909463,0.0,0.0,0.0,0.0,0.0,1.9667985212121626,238.21107578182168,230.22767652121556,0.0,0.0,0.0,4.933597042424325,0.0,9.833992606060812,3757.8997467030877,17.215809612120943,891.6845859515155,0.0,0.0,58.55178003636419,0.0,0.0,0.0,0.0,0.9130406666655281,0.0,0.0,40.53517929697028,0.0,0.0,0.0,0.0,254.30773759956816,755.1952532363621,0.0,846.3715711515271,4.066402957575675,76.0996044363635,146.8339926060608,16.71778743030338,0.9833992606060813,0.0,0.0,0.0,0.0,0.0,0.0,0.0,0.0,0.9833992606060813,0.0,2.9296435921579973,4.095134956170476,1.3978270145666316,0.0,-0.11992380588716293,1.0768770203764775,0.04729637234770705,1.2867783985102421,0.62217659137577,3.9487402258905298,201.45350591041424,636.0,,False
EA063,Navès (Aigua d'Ora),Aiguadora,El Llobregat,1.652422,42.007056,1.652917,42.007083,41.1,120.68,120.16,1.004,True,251462-001,651.0291800123309,105.16708009020043,5.0747222045330105,13.776564599430142,1002.7736360247934,2072.1319200667476,93.79483703074204,22914267.96749109,0.0,0.0,12.824888840098438,0.0,78.70031612608364,3.216845649897035,0.0,0.0,0.0,0.0,0.0,0.04598812560775148,0.0,3.91674515602019,0.0,2.246138426287333,0.0,0.0,0.0,0.0,0.0,0.005778886203443396,53.97592074880833,34.00860354334585,0.9829297978053841,0.0,1.0,0.02750465325202124,0.4241881394854463,0.13151143148284666,264.0272497555773,12.411740025405944,821.5723418243267,0.0,0.0,0.0,1.127227645111284,0.0,0.0,0.0,79.79755187331864,0.22847015257591272,0.0,19.81388610386738,0.0,0.0,0.0,0.0,6.4064455193302345,843.7760740352057,0.0,229.33217264646632,9.998416968874489,83.05340154744277,102.8943521219827,0.09696855977212786,0.0,0.0,0.0,0.0,0.0,0.0,0.0,0.0,0.0,0.0,0.0,2.428907688353107,10.839154717850137,4.462563468272235,0.0,-0.7179649329685317,0.40519369163051444,0.053456536618754276,1.2299212598425198,0.6477070499657769,4.2511230907457325,1139.365109382387,2303.0,,False
EA064,Santa Cristina d'Aro,Ridaura,Rieres Del Cap De Begur-Blanes,2.994378,41.811872,2.994583,41.812083,29.0,54.75,,,True,,553.162025276509,73.02525069244297,7.997895775629753,0.0,117.10310699414214,793.912739952555,76.00631267311074,7655680377.49763,0.0,0.0,6.044188711775198,0.0,66.9116225764496,3.0505013848859406,0.0,0.0,0.0,0.0,0.0,4.989478878148763,0.0,3.004208448740495,0.0,12.006312673110742,0.0,0.0,0.0,0.0,0.0,4.989478878148763,262.9516028394843,257.8947887814876,34.928456371411585,0.0,32.0,5.00841689748099,0.008416897480990075,0.0,3948.5586063063806,39.95160283948431,895.9642281857059,0.0,0.0,0.0,0.0,0.0,0.0,0.0,66.9158310251901,7.012625346221486,0.0,26.071543628588415,0.0,0.0,0.0,0.0,377.8343531869676,652.2062139882843,0.0,1359.0446821359076,3.9978957756297526,67.02104224370247,154.99158310251903,23.964228185705792,0.0,0.0,0.0,0.0,0.0,0.0,0.0,0.0,0.0,0.0,0.0,1.7667791734296159,13.780253317892367,7.799646682014354,0.0,-0.8484148257378182,0.22763992584832304,0.054414784394250515,1.358974358974359,0.759069130732375,6.120309050772627,152.5264342546064,487.0,,False
EA065,la Pobla de Claramunt,Carme,El Llobregat,1.662625,41.541509,1.662917,41.542083,68.3,96.34,100.1,0.962,True,081653-001,566.7310913299948,74.95392964069009,20.49143167743676,0.0,555.1656392698319,3431.915875650445,36.90375328370009,294836926.8103562,0.0,0.0,6.998164797329719,0.0,29.882401679283937,0.030370524714588232,0.0,0.0,0.0,0.0,0.0,20.966665862259024,0.0,6.944744551669078,0.0,35.15630501334039,0.0,0.0,0.0,0.0,0.0,0.010751633266767178,148.69265489882542,119.8877659771573,3.0056081383796514,0.0,8.0,0.9999999999999999,0.12371838973691579,0.0,2279.9956509755234,34.672728670919355,892.1123980560618,0.0,0.0,0.0,0.0,0.0,0.0,0.0,0.0,1.9252535198964313,0.0,98.07474648010357,0.0,0.0,0.0,0.0,77.93319556186505,666.6888940851479,0.0,960.7974672634772,3.97277949720216,67.9529968932956,134.10977946447724,2.109096216360093,0.007493878771104739,0.0,0.0,0.0,0.0,0.0,0.0,0.0,0.0,0.007493878771104739,0.0,2.0635674739911964,4.22930530835821,2.049511519086995,0.0,-0.38060849960735627,0.9469271554087976,0.05585215605749486,1.2993630573248407,0.7058179329226557,4.991287512100677,549.6680076997112,940.0,,False
EA066,Berga,Llobregat + CIB,El Llobregat,1.878476,42.084908,1.87875,42.084583,42.6,524.42,565.0,0.928,True,081445-001,664.484698415012,127.21294388168131,6.768607662380648,312.3957459180193,1267.0977246609027,3797.504305006994,88.00593598871727,151940558.41187704,0.0,0.0,3.575460930817212,0.0,77.7053557938663,6.919882782190044,0.0,0.0,0.0,0.0,0.0,0.00016466920384886267,0.0631279208864555,1.3884219338250339,0.0,9.88110924855701,0.0,0.4313535272607914,0.0,0.0,0.0,0.0381569941838908,85.93138057251635,93.47677520982008,0.5619722101290691,0.0,15.0,0.045405932470588085,33.48039709458161,4.336036733038268,847.5104071435068,53.25622896331346,762.9423537884461,0.0,0.0,0.14832861929587263,38.71296532512744,0.0,0.0,0.0,60.06949285850269,0.0018993732182016347,0.017984798790451166,1.04795794085162,0.0,0.004184413954013518,0.0,0.0,21.56982944989845,950.1018961678127,0.0,417.0249025001146,12.071086094653614,90.35034146341644,87.54662590599396,0.46219101488913217,0.0,0.0,0.0,0.0,0.0,0.0,0.0,0.0,0.0,0.0,0.0,2.5040335756257948,5.938863417181905,2.371718764073559,0.0,-0.4601841520836154,0.78700229304876,0.04996577686516085,1.2086092715231789,0.6147843942505133,3.863225806451613,1211.4427946241572,2539.0,E14,True
EA067,Balsareny,Llobregat,El Llobregat,1.880218,41.859536,1.879583,41.859583,52.9,1024.15,1022.26,1.002,True,080180-005,640.0913856250163,107.33559900974302,7.497248745874116,344.38778240471254,980.5939737199255,3271.1236190949367,86.32576563197027,279355128.30625236,0.0,0.0,13.017762604031875,0.0,62.05208496088833,11.356650968722501,0.0,0.0,0.0,0.0,0.0,2.451910081996798,0.033229270479066354,1.2033318456640834,0.0,9.57216752009994,0.0,0.22127077133471726,0.0,0.0,0.0,0.09266811050187458,120.13746806418773,104.44480073104691,0.9488234100554616,0.0,15.0,0.3401877610359244,17.164850456687706,2.309964913838931,1248.2285171267688,30.45205759554749,811.8197496312074,0.0,0.0,0.10034491580424604,19.853263925485773,0.0,0.0,0.0,59.823790986464864,0.0009726124504296847,0.009209479766502948,20.211812951362532,0.0,0.0021427137491591233,0.0,0.0,43.48570030280251,847.2205353962183,0.0,543.7408244238718,8.509826147394987,82.68656886753759,104.65323838137243,2.338023347681128,0.0,0.0,0.0,0.0,0.0,0.0,0.0,0.0,0.0,0.0,0.0,2.5162941527310863,7.528012974699874,2.991706262373684,0.0,-0.5764749743278518,0.5873550464585396,0.050308008213552365,1.216887417218543,0.6184120465434634,3.9385353095030515,903.5137153864588,2539.0,E14,True
EA068,Súria,Cardener,El Llobregat,1.762734,41.813513,1.762083,41.81375,60.1,1007.67,964.13,1.045,True,082747-007,627.1872892190613,96.37740853398589,12.171976803725645,87.70356074998642,864.5662726821942,4344.414918081374,78.61079880837477,260453634.48988235,0.0,0.0,19.026726257329074,0.0,54.401132509644576,5.138994350142771,0.0,0.0,0.0,0.0,0.0,7.971127995298782,0.0,2.502042119799906,0.0,11.132574023360156,0.0,0.0,0.0,0.0,0.0,0.1620049504936313,104.51925695258876,65.90151958979774,0.9037520503961797,0.0,5.0,0.5008152211907442,7.102754223268973,0.8639102959100523,909.0387644436476,14.774164536128602,846.7115616028439,0.0,0.0,0.0,2.1997823172318673,0.0,0.0,0.0,46.12159977583642,3.96089006770668,0.0,47.82109074477875,0.0,0.0,0.0,0.0,40.494017315554615,794.68128512415,0.0,285.0584681088679,7.070005088460858,78.28185343564176,111.40747156820123,2.068174257337307,0.0,0.0,0.0,0.0,0.0,0.0,0.0,0.0,0.0,0.0,0.0,2.3462562990718707,8.145499548095502,3.4717006625907363,0.0,-0.626332523438172,0.553855383683513,0.05468856947296372,1.2543171114599685,0.6643394934976043,4.503944315545244,743.3922129705389,2463.0,E12|E13,True
EA072,Sant Joan de les Abadesses,Ter (riu + CH),El Ter,2.23985,42.220669,2.239583,42.22125,68.2,304.51,301.02,1.012,True,171674-006,650.7201023406675,146.4386358250897,3.5436040135136744,0.0,1405.6323410205775,4862.409497971778,76.94737981039084,187714180.1036311,0.0,0.0,50.21840494383697,0.0,17.803376824774702,9.520625835770126,0.0,0.0,0.0,0.0,0.0,0.0,16.743465093506185,6.2565485188314245,0.0,0.04306426355544694,0.0,0.008662195385249956,0.0,0.0,0.0,0.0033041254735100543,90.4573020654476,108.26496407894318,14.614983447092657,0.0,15.0,0.006608250947020109,0.024407366927377223,0.0,960.9718351670086,22.480316823260424,725.7215723289165,0.0,0.0,45.53890876209743,0.08067335932323105,0.0,0.0,0.0,49.90880869133198,0.0,3.6974828483068274,0.12305068810664467,0.0,0.6359651067393104,0.0,0.0,23.007462769149026,1031.206346861624,0.0,304.22134309341004,13.634986316011718,93.0369839098834,80.44695592433193,1.0593314060330776,0.0,0.0,0.0,0.0,0.0,0.0,0.0,0.0,0.0,0.0,0.0,3.2960866757151344,3.6054724762255463,1.0938645827459275,0.0,0.023869659716911185,0.9105810246934735,0.04243668720054757,1.2350597609561753,0.5555099247091033,3.4158249158249157,1351.3790235290714,2834.0,,False
EA074,Qualitat - Martorell (Anoia),Anoia,El Llobregat,1.929287,41.477702,1.929583,41.477083,73.0,904.83,904.0,1.001,True,081141-002,554.2444623566249,72.57252581057993,39.35892559339588,0.3343682984552422,461.93687136748156,4933.0322622313315,26.18606077181447,891769889.733,0.0,0.0,8.768833881973082,0.0,15.613290240413836,1.9513849081281003,0.0,0.0,0.0,0.0,0.0,19.197119859076317,0.0,3.7756855006951917,0.0,49.59060355970383,0.0,0.0,0.0,0.0,0.0,0.713034547603169,203.3638260249867,178.54234364583056,3.1996518745604328,0.0,45.0,0.9253877713937193,0.21663648034199534,0.0,3142.6542591982875,13.615948467123388,899.7056573399695,0.0,0.0,0.0,0.0,0.0,0.0,0.0,0.0,45.41701634011474,0.0,54.58298365988527,0.0,0.0,0.0,0.0,179.33730676560168,652.1005797662065,0.0,988.601961858523,2.565892433336491,65.70008424317014,139.31653501575465,9.345542587219505,0.005606710354228572,0.0,0.0,0.0,0.0,0.0,0.0,0.0,0.0,0.005606710354228572,0.0,1.99917814874734,4.261110836973961,2.1314312782199623,0.0,-0.4055905862202029,0.9053235236614294,0.05475701574264202,1.2987012987012987,0.7054072553045859,5.051960784313725,473.5351719897674,940.0,,False
EA075,Castellar del Vallès,Ripoll,El Besòs,2.081259,41.608469,2.08125,41.607917,61.3,67.02,,,True,,549.1959093748662,73.03632453574475,8.036199154365812,0.08820625674021014,326.6081373273975,563.7032705433571,58.03219092069799,17584388078.258976,0.0,0.0,3.1063087605486635,0.0,53.922489702256286,2.0022621995634915,0.0,0.0,0.0,0.0,0.0,5.030351912475581,0.0,7.00193656967266,0.0,16.039203726793517,0.0,0.0,0.0,0.0,0.0,13.901381325473105,313.6947573094378,313.69944002662925,5.98419907286996,0.0,11.0,1.0075676032577103,7.2286941157044176,0.0,5153.550109098593,32.81899394389411,890.9211559318184,0.0,0.0,0.0,0.0,0.0,0.0,0.0,0.0037337643273233677,35.98841390411163,0.0,64.00785233156105,0.0,0.0,0.0,0.0,2042.008300140606,646.2510826233911,0.0,5068.628629141895,4.004458576225691,66.02764693222021,148.95388664475337,47.903855721228645,0.0,0.0,0.0,0.0,0.0,0.0,0.0,0.0,0.0,0.0,0.0,1.9973990331329423,5.586731419554753,2.797003166058363,0.0,-0.5233152435242046,0.7783508777251384,0.05578370978781656,1.2794348508634223,0.7113620807665982,5.087126774351444,549.391189313203,1089.0,,False
EA076,el Papiol (riera de Rubí),Rubi,El Llobregat,1.995677,41.448856,1.99625,41.44875,49.3,121.57,120.0,1.013,True,081580-004,541.7891451338833,71.91797871332139,1.247108859458829,5.823017068864271,313.65695554644935,686.9497442460149,32.14420670280056,11301859357.309134,0.0,0.0,2.0281759602321805,0.0,27.10142885784262,3.9845073181688258,0.0,0.0,0.0,0.0,0.0,6.8736402884994865,0.0,7.060776983017934,0.0,34.54385642688544,0.0,0.0,0.0,0.0,0.0,18.436330203942067,346.57011099468804,354.1161192792653,6.668753274718793,1.0,45.0,1.0217816602369951,0.0870401504201906,0.0,5783.910482433328,17.289558600442092,895.257916205176,0.0,0.0,0.0,0.0,0.0,0.0,0.0,0.0,64.0149019563362,0.0,35.985098043663804,0.0,0.0,0.0,0.0,1889.5831887080906,637.7018711988549,0.0,5816.342106824272,2.1015543084039896,64.95690955331561,150.05555641481857,74.50026476480349,0.0,0.0,0.0,0.0,0.0,0.0,0.0,0.0,0.0,0.0,0.0,1.8611718987677666,4.364451513308458,2.3450018325540203,0.0,-0.44304129457327823,0.9079119825805828,0.0541409993155373,1.2840909090909092,0.7132785763175907,5.171712158808933,251.40414441901856,1089.0,,False
EA077,Sallent,Gavarresa,El Llobregat,1.917165,41.787629,1.917083,41.78875,124.7,451.72,452.56,0.998,True,081918-009,611.9600987425423,83.96238610190646,8.40168099545261,0.2884641810841346,611.3102798716369,2692.0180928236928,84.63212420651426,207844919.01613683,0.0,0.0,10.280853521249126,0.0,58.99857182507406,15.352036776383018,0.0,0.0,0.0,0.0,0.0,0.994979427102518,0.0,0.921572195108823,0.0,13.442487508333878,0.0,0.0,0.0,0.0,0.0,0.006681227120070249,112.03291080849118,73.37855425722903,0.7721700150998845,0.0,12.0,0.31239000373387216,0.09040757824611907,0.0,1372.7863849556138,12.189617669486617,864.3110733187787,0.0,0.0,0.0,0.0,0.0,0.0,0.0,38.79071931793937,0.0,0.0,61.20928068206062,0.0,0.0,0.0,0.0,40.53768676125581,723.6744982528218,0.0,500.86037656716854,4.651344670540122,74.53236644788583,128.02129334633833,0.06179684530105743,0.0,0.0,0.0,0.0,0.0,0.0,0.0,0.0,0.0,0.0,0.0,2.490408250793883,8.138367036587987,3.2678847068522474,0.0,-0.6144658741821373,0.5349515646461271,0.0540041067761807,1.240566037735849,0.6498973305954825,4.269334532374101,609.4766969065956,1188.0,,False
EA078,Guardiola de Berguedà,Llobregat,El Llobregat,1.869706,42.214386,1.870417,42.214583,62.6,332.97,332.58,1.001,True,080996-007,664.2963353815004,135.0393332713623,8.85022230187013,11.222377160974913,1366.9003769923581,4931.696502741504,84.23194741960647,130476464.28339897,0.0,0.0,5.141239421838326,0.0,73.89597500630867,5.499280111845156,0.0,0.0,0.0,0.0,0.0,0.00025935013126735646,0.09942499378064858,1.6691098737005956,0.0,13.021294401240418,0.0,0.6773624518935395,0.0,0.0,0.0,0.0,72.70564507497186,82.06226652780086,0.3722221114338053,0.0,15.0,0.011416907668597388,52.549094224363635,0.1627489284739406,682.0356203039499,67.92377379884049,745.0421775791151,0.0,0.0,0.23361409411074896,57.211665124188904,0.0,0.0,0.0,42.49142881632127,0.0029914682402813935,0.028325635990816868,0.028982881387678967,0.0,0.006590353769162645,0.0,0.0,15.458414800981808,988.5708328001049,0.0,322.0341659361391,12.930640394947396,92.25182297066279,81.59947441010348,0.006783557287350159,0.0,0.0,0.0,0.0,0.0,0.0,0.0,0.0,0.0,0.0,0.0,2.492453565527272,4.68631395647468,1.8802011083738295,0.0,-0.3166928576022658,0.9829160556748374,0.049418206707734426,1.2073578595317727,0.6204654346338124,3.8706233988044407,1291.5253943897262,2539.0,,False
EA079,Tarragona,Francoli,El Francolí,1.236276,41.148785,1.23625,41.14875,4.5,824.43,821.98,1.003,True,431482-004,524.3714059167106,66.79329529847277,33.2611960553732,0.761590030902135,473.616193180099,1892.800033588409,33.73583560136825,651215049.2407428,0.0,0.0,5.400912134863419,0.0,25.81575088089345,2.4412345788017125,0.0,0.0,0.0,0.0,0.0,5.834020282801083,0.0,4.53575747076669,0.0,55.234079444056846,0.0,0.0,0.0,0.0,0.0,0.53478403977691,198.2357077699736,189.08744329706818,3.5991659015396795,0.0,59.0,7.370768662655185,27.42345943362291,0.000879942265629272,2670.7938165582964,25.77834483991181,928.2061779564892,0.0,0.0,0.0,0.0,0.0,0.0,0.0,0.0,29.695083657756275,0.0,70.30491634224373,0.0,0.0,0.0,0.0,122.9944007962071,616.2576341720118,0.0,762.6378255346677,2.985070402417141,60.721818734703746,138.01313692704872,6.34753694881724,0.0,0.0,0.0,0.0,0.0,0.0,0.0,0.0,0.0,0.0,0.0,1.6407313706615188,5.072656843425702,3.091704671545642,0.0,-0.5871123014660039,0.6735723413735453,0.05756331279945243,1.3181818181818181,0.7539356605065024,5.909334763948498,467.5610667476388,1197.0,,False
EA080,Qualitat - Torroella de Montgrí,Ter,El Ter,3.125381,42.035163,3.12625,42.035417,77.2,3180.63,2948.48,1.079,True,171997-002,645.995050573577,105.46320088981554,12.55322707144716,94.50074348576658,683.7537417026416,2586.6001381755427,79.76389808192884,700583528.0462841,0.0,0.0,23.319581577863346,0.0,35.87916863197081,20.532348024737306,0.0,0.0,0.0,0.0,0.0,0.7204298412053235,3.3962630880598867,4.112332644056739,0.0,11.136250659415708,0.0,0.0013538858423250777,0.0,0.0,0.0,0.7437259989437173,159.407742253719,150.3004646772255,12.64759409966483,0.0,83.0,3.605670592378231,8.661739783856083,1.5766361518063785,2141.162015770237,29.575674036571566,828.5767265884658,0.0,0.0,20.290870511139715,0.43786814352283615,0.0,0.0,0.0,37.98930581292695,14.877205460242715,0.3582350449023964,25.905544741548884,0.0,0.20581866873666874,0.0,0.0,129.85310036270252,846.7216726497593,0.0,740.8047095545662,7.396453908424725,82.96186280476911,122.31968640603175,6.8888006082929865,0.8780194236385424,0.0,0.0,0.0,0.0,0.0,0.0,0.0,0.0,0.8780194236385424,0.0,2.813680505346557,5.221337997192778,1.8556968309910062,0.0,-0.3438285198255122,0.7992478886216242,0.04476386036960986,1.272373540856031,0.5906913073237509,3.6864587782998717,615.4209038901672,2900.4599156118147,E06|E07|E08,True
EA081,Fogars de la Selva (Pont Eiffel),Santa Coloma,La Tordera,2.669321,41.74533,2.670417,41.747083,214.9,322.24,322.21,1.0,True,082845-003,647.3603764623656,90.76752911537747,2.7625433932119208,0.048032311517365596,256.80255007937336,807.7066208704985,88.09889488808587,601857637.1217964,0.0,0.0,18.874256036590417,0.0,59.45848953094013,9.41123624588349,0.0,0.0,0.0,0.0,0.0,2.6910377783360806,0.0,3.881007170052353,0.0,3.5527256580162265,0.0,0.0,0.0,0.0,0.0,2.176455683360576,203.50037646499646,183.98225043094965,1.6129762351341663,0.0,32.0,4.582347838513808,0.011590208024680715,0.0,2966.970843788459,3.9388879954779012,870.5174640851853,0.0,0.0,0.00023092457460271922,0.0,0.0,0.0,0.0,20.962742653791416,30.4867060892551,0.0,48.54570577537173,0.0,0.0,0.0,0.0,119.45510629943647,787.8294009975616,0.0,728.7390232884125,4.834382299157601,79.85920937841095,146.78028016143094,9.371478253896832,0.0,0.0,0.0,0.0,0.0,0.0,0.0,0.0,0.0,0.0,0.0,2.551899191262886,8.087909858417982,3.169368870882172,0.0,-0.6078799155384056,0.5474839728363575,0.050376454483230665,1.2624356775300172,0.6548254620123203,4.388532110091743,165.40918870939106,1023.0,,False
EA082,Santa Llogaia d'Àlguema,Manol,La Muga,2.969058,42.237783,2.96875,42.237917,29.4,160.25,162.88,0.984,True,170059-001,566.6793403033195,73.25415650712475,28.876958891363664,16.396122829252352,175.82394078780533,1500.6091747905882,60.669957906966374,1964647191.4664152,0.0,0.0,18.632481269239204,0.0,30.270305795962802,10.885213197881782,0.0,0.0,0.0,0.0,0.0,3.293273038007724,0.0,1.6915153897618618,0.0,33.46329602138147,0.0,0.0,0.0,0.0,0.0,1.763915287765173,203.0013201347191,164.97791286928856,11.371352677169414,1.0,15.0,6.941478626279797,14.573750949521358,0.20901573011794783,2807.8078952368805,9.890109354170681,917.1371497668259,0.0,0.0,3.7557016854076988,0.0,0.0,0.0,0.0,8.881331944288844,16.01458140996519,0.0,71.37160893035139,0.0,0.0,0.0,0.0,258.28651919657483,672.174580275198,0.0,982.0596030136707,3.035297403707099,67.07759277728715,148.94481089158114,13.229364658238797,0.06967191003931594,0.0,0.0,0.0,0.0,0.0,0.0,0.0,0.0,0.06967191003931594,0.0,2.6669627682120023,6.454973382158146,2.420346267708011,0.0,-0.4624933922368777,0.8074544499017844,0.048254620123203286,1.312849162011173,0.6623545516769336,4.3570463755065285,163.67334645025508,1094.0,,False
EA084,Abrera,Llobregat,El Llobregat,1.91731,41.510746,1.917917,41.510417,62.5,3577.24,,,True,,609.7246331007242,91.37126907607588,11.336331155060916,161.67298985979218,747.220626464886,3453.622021615828,75.16388699228743,635194063.2989619,0.0,0.0,13.943223195016936,0.0,54.00231919216557,7.236295668304896,0.0,0.0,0.0,0.0,0.0,6.66647968677492,0.009513784909613236,2.5712182978696765,0.0,15.27899791257556,0.0,0.06335145174459894,0.0,0.0,0.0,0.25404317733099,139.42094378660653,110.71008153315981,2.343870634644592,0.0,21.0,0.6282275273907175,7.471740608882886,0.9047171033916699,1612.7364837888647,21.279787816379102,852.4823336645079,0.0,0.0,0.02872948854944824,6.303798093336043,0.0,0.0,0.0,36.08904711974743,6.277705203675721,0.0026367418954666424,51.283474748884935,0.0,0.0006134747299135834,0.0,0.0,92.48416579623601,760.981532494847,0.0,633.9000773672074,6.401830894310051,75.70199672820193,119.59301304150856,4.512841757945829,0.0,0.0,0.0,0.0,0.0,0.0,0.0,0.0,0.0,0.0,0.0,2.3367893545381486,6.893305563464296,2.9499045560427564,0.0,-0.5630983068906775,0.6332962810399424,0.05188227241615332,1.2446633825944171,0.6462696783025325,4.311415525114155,647.4381936847279,2539.0,E12|E13|E14,True
EA085,les Masies de Roda (Ter),Ter,El Ter,2.289518,41.984361,2.289583,41.98625,209.8,1136.06,1137.3,0.999,True,081167-001,657.7192304037252,132.58545970661888,7.228705929386257,0.8616465112743901,1219.9880170945605,4178.499036606831,81.51162059707002,377357474.3432506,0.0,0.0,31.88568754842152,0.0,32.224142351742636,17.629505860603253,0.0,0.0,0.0,0.0,0.0,0.0,9.5081271527036,4.882275277855561,0.0,3.6813813378015112,0.0,0.0037903184780734116,0.0,0.0,0.0,0.35118703070392443,115.45827333194295,117.85870137653781,11.07926799908444,0.0,15.0,0.2780048811552651,0.14798680135802245,0.00952744360816331,1405.1924781382309,31.02810895011574,758.2670192131512,0.0,0.0,26.620873581924176,1.2258490808236182,0.0,0.0,0.0,64.45392131188778,0.025179672393003033,1.0029094534699976,6.289450924234812,0.0,0.5762068550073174,0.0,0.0,64.38841620837619,967.8964115733766,0.0,459.48949724226,11.701935331802662,90.55623059439594,91.51301844116793,3.7463559937034008,0.007485848549271172,0.0,0.0,0.0,0.0,0.0,0.0,0.0,0.0,0.007485848549271172,0.0,3.048181686188521,4.273432570099416,1.401961237895554,0.0,-0.1503192309933801,0.9291068815645079,0.04277891854893908,1.2278978388998036,0.5583162217659138,3.450507614213198,1095.4792718843698,2901.0,,False
EA086,Castellar de n'Hug (Clot del Moro),Llobregat,El Llobregat,1.977478,42.259779,1.977083,42.259583,39.1,28.57,28.65,0.997,True,080522-006,664.2522676571863,134.67919381956625,8.205615569742806,0.0,1354.2778992713056,4449.405343032267,85.04046067453358,167275479.79568765,0.0,0.0,6.582577447604615,0.0,71.38934470368137,7.068538523247603,0.0,0.0,0.0,0.0,0.0,0.0,0.7881930173474189,1.5140389243570125,0.0,11.725845907009596,0.0,0.9657307383761993,0.0,0.0,0.0,0.0,83.37696187786182,82.51403892435702,0.5483081859808131,0.0,15.0,0.0,51.18372913393856,0.0,745.943844302572,72.2460762442764,745.8129586689867,0.0,0.0,1.9533479125566466,51.35507544205757,0.0,0.0,0.0,46.657307383761996,0.0,0.0,0.0,0.0,0.06853852324760164,0.0,0.0,18.87452696242967,988.0656593074128,0.0,342.3736496807869,12.34269261623801,92.13707704649521,82.10899919778119,0.0,0.0,0.0,0.0,0.0,0.0,0.0,0.0,0.0,0.0,0.0,0.0,2.6370262278439522,3.7817322991746973,1.4340897558181147,0.0,-0.1500974462059865,1.0586967120726052,0.04921286789869952,1.2186440677966102,0.6173169062286106,3.8362398979157804,1555.8097400563731,2402.0,,False
EA087,la Coma i la Pedra,Cardener,El Llobregat,1.580716,42.182192,1.582083,42.182917,138.7,24.46,,,True,,662.4031496034258,138.65022291746183,11.106587094562801,0.0,1438.1060832601042,5650.367472789782,83.06394364143517,48367401.87773586,0.0,0.0,4.682137302829447,0.0,77.2645619704704,0.3623903779785329,0.0,0.0,0.0,0.0,0.0,1.117244368135334,0.0,2.754853990156801,0.0,13.06395800027268,0.0,0.0,0.0,0.0,0.0,0.0,60.774255591946506,53.44386575236056,0.8720983582921351,0.0,0.0,0.9999999999999999,45.53181420834325,0.0,502.75599807362914,38.886595881412866,739.5095643919386,0.0,0.0,0.0,13.941780835793375,0.0,0.0,0.0,72.48580367762855,13.028894534378995,0.0,0.5435209521990698,0.0,0.0,0.0,0.0,7.439536973749334,1003.2830720491892,0.0,261.40014411127464,15.042643453127617,92.97869981169242,77.45637853593846,0.0,0.0,0.0,0.0,0.0,0.0,0.0,0.0,0.0,0.0,0.0,0.0,2.3171925549686994,4.539449373555827,1.959029845759687,0.05428883908351864,-0.31783901898660133,1.0762523865744493,0.05201916495550993,1.2179487179487178,0.6518822724161534,4.212295444493587,1835.366194134834,2379.0,,False
EA088,Peralada,Llobregat Emporda,La Muga,3.00876,42.304199,3.00625,42.30125,387.3,391.04,316.47,1.236,False,171328-001_1,605.0956490877065,82.62401377067447,7.118469183372049,401.0326830533394,365.3995626401509,801.9284199438353,85.19770942011287,181705644.1658705,0.0,0.0,12.999763625881917,0.0,58.949170255882294,13.24286089874551,0.0,0.0,0.0,0.0,0.0,4.220456182923302,0.0028621882733401854,3.024050914215718,0.0,7.5536859079065835,0.0,0.0,0.0,0.0,0.0,0.417146974374869,106.84375259535578,80.57361285528653,4.2399028260852605,0.0,91.0,2.0259675495070852,0.019766185091154367,5.072881529897957,1499.666849815829,29.976482292989996,896.4877408809783,0.0,0.0,0.17905008054868388,0.0022897506186721484,0.0,0.0,0.0,73.43140207960913,15.46045936423403,0.0,11.49692428198994,0.0,0.0,0.0,0.0,22.924642823118408,733.4351597795097,0.0,696.0895325270313,6.247154759211284,72.63635411563077,138.06376057237688,0.05189407133433334,1.690960509965986,0.0,0.0,0.0,0.0,0.0,0.0,0.0,0.0,1.690960509965986,0.0,2.711320790912226,8.548575196481648,3.1529191326731474,0.0,-0.6061550428967171,0.5540226280422064,0.04572210814510609,1.31496062992126,0.6469541409993156,4.1952951620062136,291.49240775343424,1434.0,E01,True
EA089,Qualitat - Fogars de la Selva (Can Simó),Tordera,La Tordera,2.693886,41.738958,2.69375,41.73875,25.7,777.33,776.56,1.001,True,080826-002,650.5561854277026,93.9200315646796,3.560669940001618,0.019912019880451975,384.4324480273227,776.8259557781139,91.27606258253225,674192982.1755981,0.0,0.0,16.128665062973145,0.0,65.1254769700715,9.719933502692982,0.0,0.0,0.0,0.0,0.0,1.215652674906229,0.0,2.6435469848050364,0.0,3.7598790828037076,0.0,0.0,0.0,0.0,0.0,1.0371928209442285,189.96043680203445,178.20510036413063,1.20608714975458,0.0,39.0,3.6202017330028347,0.03671064748074867,0.0,2801.047546500585,29.798680876125932,858.3746363752891,0.0,0.0,9.573086480986526e-05,0.0,0.0,0.0,0.0,47.51262090431715,24.093956709898734,0.0,28.375229464168648,0.0,0.0,0.0,0.0,131.72640577885468,802.1002087727384,0.0,749.2705686400116,6.647996417142585,81.25188710507501,141.12789873184084,9.760385887448585,0.0,0.0,0.0,0.0,0.0,0.0,0.0,0.0,0.0,0.0,0.0,2.623596878484928,9.457859791994904,3.6049211178573364,0.0,-0.6623698204282288,0.4645112263846026,0.05106091718001369,1.2495812395309882,0.6494866529774127,4.358750574184658,267.5121604409347,1683.0,,False
EA093,Sant Vicenç dels Horts (riu - canal de la Dreta),Llobregat,El Llobregat,2.022139,41.388788,2.022917,41.38875,65.2,4846.87,,,True,,593.7811928242298,86.25887948442097,15.979911153985308,126.3351538452762,657.7272859938817,3551.6650380615306,64.00077513531448,1064801678.302819,0.0,0.0,12.055290379289527,0.0,45.99714096932998,6.034516177196883,0.0,0.0,0.0,0.0,0.0,8.872296069193444,0.007021854376555686,3.153079601867422,0.0,22.828531941896216,0.0,0.04675790686044002,0.0,0.0,0.0,0.9889099350096211,166.7184425856558,141.13229835437272,3.6869647773498797,0.0,62.0,0.745362884521935,5.570523038246266,0.6677459930354527,2214.8166833442438,19.902351325640545,864.9681967916002,0.0,0.0,0.02120441935819857,4.652654295966551,0.0,0.0,0.0,26.63630047043152,17.0177267772842,0.0019461042891374795,51.65938573712129,0.0,0.0004527882707120393,0.0,0.0,217.96307239817975,730.7779093165748,0.0,961.1830880314723,5.464911223938529,72.9465678177136,125.78368497133746,9.350494677821736,0.00104661355175682,0.0,0.0,0.0,0.0,0.0,0.0,0.0,0.0,0.00104661355175682,0.0,2.238206275083846,6.211659619344206,2.775284694933451,0.0,-0.5357124607792478,0.6880454962323747,0.05215605749486653,1.2763819095477387,0.6552361396303902,4.427844588344126,583.5620402926666,2536.887867647059,E12|E13|E14,True
EA094,Vilada (Merdançol),Merdancol,El Llobregat,1.941234,42.129491,1.94125,42.129583,10.3,32.12,33.0,0.973,True,082994-001,667.352921778522,115.44067246437791,3.0285322969001793,833.4200025064126,1118.5605551660042,1598.431010991344,96.02045556506768,82206467.37143968,0.0,0.0,0.4425115929851945,0.0,88.55210391912645,7.025840052956011,0.0,0.0,0.0,0.0,0.0,0.0,0.0,0.9741599470439886,0.0,3.0048460390995024,0.0,0.0005384487888336275,0.0,0.0,0.0,0.0,95.29531873593285,102.43775094928498,0.9994615512111663,0.0,1.0,0.0,0.028537785808182257,12.657079477317016,928.1818348186612,28.45521058167643,789.3226832509481,0.0,0.0,0.0,6.843888273594267,0.0,0.0,0.0,92.71683082615354,0.0,0.0,0.43928090025219274,0.0,0.0,0.0,0.0,12.403218113717829,892.1527591135552,0.0,538.4499749289547,10.897178236964788,87.79543337150723,96.50980122486538,0.0,0.0,0.0,0.0,0.0,0.0,0.0,0.0,0.0,0.0,0.0,0.0,2.6192378115407333,9.82047618884191,3.7493640881219337,0.0,-0.6747670863340406,0.41787948747769676,0.04948665297741273,1.2110552763819096,0.6103353867214237,3.8009377664109123,953.1489199733564,1514.0,,False
EA095,Vilada (Riera Vilada),Vilada,El Llobregat,1.939352,42.140776,1.939583,42.140417,44.2,32.12,32.71,0.982,True,082994-002,667.9665515642095,116.28431170421955,3.0836210894763374,841.684069481651,1130.5288099759014,1649.7707313056308,95.83275782104732,84465915.89447069,0.0,0.0,0.10034530737160466,0.0,88.73241251367573,7.0,0.0,0.0,0.0,0.0,0.0,0.0,0.0,1.0,0.0,3.1505179610574072,0.0,0.016724217895267443,0.0,0.0,0.0,0.0,95.78258516736153,103.63206720630411,0.9832757821047325,0.0,1.0,0.0,0.8863835484491744,12.782585167361523,934.8223985998992,29.735865587391768,787.3477555020846,0.0,0.0,0.0,7.769314023182302,0.0,0.0,0.0,92.2306859768177,0.0,0.0,0.0,0.0,0.0,0.0,0.0,12.647436916909882,896.4550069568883,0.0,539.7220532925276,11.016724217895266,88.06689687158106,95.78258516736153,0.0,0.0,0.0,0.0,0.0,0.0,0.0,0.0,0.0,0.0,0.0,0.0,2.5675648783767504,6.2745437802267325,2.4437722423565726,0.0,-0.4867464035939599,0.7050887359100462,0.05017111567419576,1.2155887230514095,0.6110198494182068,3.8133276377616405,1123.1335884501652,1777.0,,False
EA096,Cercs (riera Peguera),Peguera,El Llobregat,1.860798,42.14576,1.859583,42.14625,114.2,27.78,27.0,1.029,True,082687-002,666.978155633332,115.21434687016982,3.049344090421391,844.6957608001694,1116.3684239078407,1665.259132841161,95.5980200472843,112199045.32295722,0.0,0.0,0.3354297486679707,0.0,87.63659931729441,7.635969865603682,0.0,0.0,0.0,0.0,0.0,0.0,0.0,1.00055033098744,0.0,3.3720432998703953,0.0,0.0,0.0,0.0,0.0,0.029386321857858586,99.29299196755032,106.04383458635154,0.9706136781421414,0.0,1.0,0.029386321857858586,0.0,12.517638642042735,987.651101445164,28.44833678305781,790.0436887333359,0.0,0.0,0.0,6.7344224413043925,0.0,0.0,0.0,92.31193438903772,0.0,0.0,0.9636220539396472,0.0,0.0,0.0,0.0,17.994677960348543,891.1604436474101,0.0,551.5413280044147,10.872475828286799,87.68562868187045,96.59880598341381,0.35263586229430305,0.0,0.0,0.0,0.0,0.0,0.0,0.0,0.0,0.0,0.0,0.0,2.4517148764031393,8.422444071279344,3.4353277178934194,0.0,-0.631898927753237,0.5202284924350611,0.05010266940451746,1.2139303482587065,0.6347707049965777,4.062198861147613,1499.595769682726,2289.0,,False
EA097,Guixers (Monegal),Cardener,El Llobregat,1.599623,42.140276,1.599583,42.140417,16.0,55.63,55.6,1.0,True,251116-005,662.7319064412444,138.30278885080037,11.048745244002248,0.0,1435.4082819874725,5598.3425305368555,83.02812103694204,50371577.36379616,0.0,0.0,4.309341972876013,0.0,77.66534698057345,0.16498308996810881,0.0,0.0,0.0,0.0,0.0,1.0534320834925894,0.0,2.8884489935244804,0.0,13.029997886040887,0.0,0.0,0.0,0.0,0.0,0.0,61.440368118523565,54.29319924522416,0.94188107701707,0.0,0.0,1.0,42.52255845223123,0.0,530.172390644887,37.86335387356946,739.7581294960605,0.0,0.0,0.0,12.342365775903918,0.0,0.0,0.0,76.58879776067585,10.829807649412876,0.0,0.23902881400737094,0.0,0.0,0.0,0.0,7.8125250653921245,1001.526127923374,0.0,259.55703781768045,15.020624207060205,92.99250317011816,77.74783324230073,0.0,0.0,0.0,0.0,0.0,0.0,0.0,0.0,0.0,0.0,0.0,0.0,2.3322383049410753,5.234386094606332,2.244361600406259,0.05389189496768128,-0.40366879679524864,0.9566601245459251,0.051403148528405204,1.223127035830619,0.648870636550308,4.213333333333333,1570.7503752528876,2379.0,,False
EA098,Guixers (Aigua de Valls),Aigua de Valls,El Llobregat,1.673106,42.135943,1.672917,42.13625,37.5,77.77,78.0,0.997,True,251116-004,662.8834649594023,137.81353399674018,10.960265868114119,0.0,1430.2503428346943,5541.880367882719,83.04832608365741,51580988.80472675,0.0,0.0,4.071038137696162,0.0,77.96678054809207,0.05193878805545754,0.0,0.0,0.0,0.0,0.0,0.9859443778580315,0.0,3.0005172884424,0.0,12.955003952818172,0.0,0.0,0.0,0.0,0.0,0.0,61.748679823697024,55.060375978064116,0.9966699635244114,0.0,1.0,0.9826143413824429,40.02587175344483,0.0,549.0439096892608,37.10508916064869,740.4908816374951,0.0,0.0,0.0,11.617096870644307,0.0,0.0,0.0,79.29977305969248,8.946760203185232,0.0,0.14354722787155355,0.0,0.0,0.0,0.0,8.070983638958088,999.0809256494779,0.0,257.844328832132,14.9674432295077,92.9315564225398,78.15612377951032,0.0,0.0,0.0,0.0,0.0,0.0,0.0,0.0,0.0,0.0,0.0,0.0,2.370313644997901,6.029518264478748,2.543763892682686,0.15535378675090475,-0.4888694039226508,0.7724610070695639,0.04948665297741273,1.2070116861435727,0.6398357289527721,4.116248348745046,1467.3446123288643,2469.0,,False
EA099,Castellbisbal (Assut de Salzers),Llobregat,El Llobregat,1.93309,41.484601,1.932917,41.484583,14.6,3664.45,3628.0,1.01,True,080543-002,607.9178543892986,90.85140910371828,11.158673616281476,161.08719768809178,736.2773503068134,3402.087553464968,74.42499781050505,657863865.1243063,0.0,0.0,13.689717177078846,0.0,53.669160750168174,7.083721656705871,0.0,0.0,0.0,0.0,0.0,6.625660888596646,0.00928738721027504,2.6581757311600933,0.0,15.976910066299226,0.0,0.0618438895008678,0.0,0.0,0.0,0.2692336689581547,144.07854391855565,116.09752511299197,2.6193619831278525,0.0,21.0,0.6410374116937794,7.2970231174257,0.8831877254726017,1703.7601917422633,21.206515921263655,853.67561985565,0.0,0.0,0.02804581846729347,6.153787829389282,0.0,0.0,0.0,35.23024304578075,6.926943687832507,0.002573995858578727,51.64414465688233,0.0,0.0005988759904240859,0.0,0.0,112.68212586199822,757.8009304073822,0.0,677.5208905954557,6.340997193750168,75.41567869032619,120.3342123232242,5.252412456964775,0.0,0.0,0.0,0.0,0.0,0.0,0.0,0.0,0.0,0.0,0.0,2.3272787747452672,6.83727849636172,2.9378854697414134,0.0,-0.5611963538187731,0.637521142644442,0.05201916495550993,1.2459016393442623,0.6472279260780287,4.321755027422303,647.4366878138803,2536.887867647059,E12|E13|E14,True
EA101,Torelló (Ges),Ges,El Ter,2.264612,42.049547,2.264583,42.049583,4.7,87.99,88.02,1.0,True,082858-003,680.22181748752,104.98272031783917,8.930281460317008,1.8651670807733645,841.0287405226379,1602.4821106575373,91.08675202900515,542393419.4005307,0.0,0.0,43.061931016909206,0.0,21.087339082688597,25.965656233469208,0.0,0.0,0.0,0.0,0.0,0.0,0.0,0.0,0.0,7.906972897933025,0.0,0.0,0.0,0.0,0.0,1.0030207175013917,135.25997023513654,129.06943675127644,9.834304269444042,0.0,12.0,1.0231065076505452,0.3917702544090172,0.11923442525491827,2014.0700195945892,44.87926465054954,820.3558355625679,0.0,0.0,0.42177381137605924,0.0,0.0,0.0,0.0,84.41133796420854,0.31511955245942685,0.0,14.851768671955991,0.0,0.0,0.0,0.0,78.3922454680535,859.1888077646806,0.0,662.9131492422931,4.027840823290383,86.98668068031235,114.17096589483356,5.0833621839343675,0.0936841912717215,0.0,0.0,0.0,0.0,0.0,0.0,0.0,0.0,0.0936841912717215,0.0,3.275463599562486,3.891311425936408,1.1880185224638682,0.0,-0.02889778259342221,0.9424654075868237,0.04551676933607118,1.2269372693726937,0.5752224503764545,3.5459915611814345,899.649137243809,1536.0,,False
EA110,Puig-reig,Merles,El Llobregat,1.885336,41.935935,1.88625,41.93625,83.5,172.47,171.08,1.008,True,081751-008,643.1203326894331,94.22905229840448,4.053034518883186,7.535955794922647,798.8090882606059,1326.8318042057736,96.83269289857705,56981223.82570033,0.0,0.0,17.105378680790697,0.0,71.45293762193002,8.279740844260882,0.0,0.0,0.0,0.0,0.0,0.04668522025805967,0.005364248404527704,0.015572654220738256,0.0,3.088424394490581,0.0,0.002300932615196761,0.0,0.0,0.0,0.00018479697178206447,70.59278152923179,45.654068834557535,0.9862147260099073,0.0,3.0,0.008291549132205103,0.12194942860542833,0.037232767434035974,583.2684548386891,7.356089689057343,839.5362957810621,0.0,0.0,0.144834706922248,0.1418983357774112,0.0,0.0,0.0,82.60574495316068,0.0,0.0,17.107522004139646,0.0,0.0,0.0,0.0,8.296779526402245,784.2135297941952,0.0,375.40293406685413,7.001603408219756,80.06773789387074,115.82838641279305,0.07102953019666933,0.0,0.0,0.0,0.0,0.0,0.0,0.0,0.0,0.0,0.0,0.0,2.625915453110706,9.359377902933943,3.5642342908819318,0.0,-0.6539538867947886,0.45229021904174216,0.0512662559890486,1.2278688524590164,0.6182751540041068,3.8834909716251076,771.460222941547,1522.0,,False
EA111,Cornudella de Montsant (Toll del Forn),Siurana,L'Ebre,0.93627,41.253551,0.93625,41.25375,22.2,37.04,38.0,0.975,True,430496-004,526.789596585456,64.74619639431089,8.319399496542978,1602.5102254463493,558.444370526763,1822.781355939108,62.16743552704928,710704723.0216727,0.0,0.0,1.3224232098886528,0.0,56.92708373437244,2.9837909617404486,0.0,0.0,0.0,0.0,0.0,24.645479122902664,0.0,0.5543370503364193,0.0,12.629519023512344,0.0,0.0,0.0,0.0,0.0,0.06263310275298745,73.47707940190848,83.32520736522031,2.1732838084077404,0.0,16.0,2.5334749444173554,3.382687289536193,1.8515427214862499,1078.6178072549278,47.62942469572476,965.2263721063209,0.0,0.0,0.0,0.0,0.0,0.0,0.0,0.0,5.358963594571429,0.0,94.64103640542855,0.0,0.0,0.0,0.0,53.480247567149505,620.2556109433485,0.0,610.5846053276873,4.824692239805082,58.8634002382942,134.18593129566375,1.850256550953495,0.0,0.0,0.0,0.0,0.0,0.0,0.0,0.0,0.0,0.0,0.0,1.4677304574218941,5.386220074177373,3.6697610565623924,0.0,-0.6439411364345135,0.6001179297199282,0.05756331279945243,1.3161189358372456,0.7799452429842574,6.659848042080655,893.7096774193549,1134.0,,False
EA112,Cornudella de Montsant (Barranc de l'Argentera),Barranc Argentera,L'Ebre,0.922459,41.274316,0.924583,41.277917,437.7,12.66,12.0,1.055,True,430496-003,528.9590801054369,64.98977002635921,8.255749341019701,1713.2919156277958,580.3989689719907,1919.6876244249224,63.60103102800926,107348406.24412215,0.0,0.0,1.0306899209223641,0.0,58.51919123888296,3.0511498682039404,0.0,0.0,0.0,0.0,0.0,26.173909551893395,0.0,0.0,0.0,10.225059420097338,0.0,0.0,0.0,0.0,0.0,0.0,58.94885013179606,70.337589130146,1.1329896573302451,0.0,9.0,1.0306899209223641,0.9897700263592119,1.9795400527184237,864.9028554036383,50.20459947281576,966.092069762767,0.0,0.0,0.0,0.0,0.0,0.0,0.0,0.0,3.9590801054368474,0.0,96.04091989456315,0.0,0.0,0.0,0.0,21.448373145354967,622.9283901845143,0.0,506.74171324218304,4.989770026359212,58.98977002635921,132.96931007907762,0.0,0.0,0.0,0.0,0.0,0.0,0.0,0.0,0.0,0.0,0.0,0.0,1.4170086157632324,5.336350446372543,3.76592660553321,0.0,-0.6495259780990873,0.5947921482580265,0.057426420260095826,1.3254344391785151,0.7852156057494867,6.816399286987522,757.341131664853,1111.0,,False
EA113,Tortellà,Llierca,El Fluvià,2.604416,42.247669,2.604583,42.247917,30.8,188.19,186.0,1.012,True,172001-001,682.4690445466896,106.90066520300994,1.0792043365370703,5.967935184232249,766.3544164473772,1024.396532935686,98.87721744395951,48572226.8116266,0.0,0.0,37.73908259432489,0.0,34.1920545636432,25.968869545606847,0.0,0.0,0.0,0.0,0.0,0.0,0.0363774039666201,0.048570911652569264,0.0,1.0282904514120577,0.0,0.006362526006164787,0.0,0.0,0.0,0.008727512388663754,52.08561630441751,49.740158379679855,0.07491309723134439,0.0,12.0,0.028671576947394223,0.0,0.07607849384998616,499.3164982613512,81.9539938128361,830.3731960294127,0.0,0.0,33.52247875147375,0.04135641904007111,0.0,0.0,0.0,60.20132554155959,0.05071899589999078,0.0024743014104477087,5.212063649078087,0.0,0.00041238356840795146,0.0,0.0,16.595393640171462,883.2179997831066,0.0,283.43522528083076,8.019617767131084,86.90266317194336,116.14803236010547,0.009390086419137297,0.02535949794999539,0.0,0.0,0.0,0.0,0.0,0.0,0.0,0.0,0.02535949794999539,0.0,3.8977780606729424,4.042602563962907,1.0371556566422258,0.0,0.051155493437773286,0.8506836298073506,0.049418206707734426,1.27336860670194,0.5818617385352498,3.683275563258232,779.7169218546873,1606.0,,False
EA115,Anglès,Osor,El Ter,2.630485,41.961161,2.630417,41.96125,11.4,86.97,88.0,0.988,True,170084-005,673.3162266382308,99.51376865842087,4.6020598305306475,376.6207863088164,474.7612182196474,667.2896318826869,90.81374368872275,486272946.7206211,0.0,0.0,14.194665836690046,0.0,43.775008181511765,32.818832570784274,0.0,0.0,0.0,0.0,0.0,0.0,0.0,0.9634736849308605,0.0,7.321784205644184,0.0,0.0,0.0,0.0,0.0,0.9187173118443492,185.81931775686343,185.27398339400213,10.923834146431831,0.0,12.0,3.6810292040901422,1.6691867494172539,0.14948539612171988,2225.5089262024817,30.817133706608114,851.5392860950157,0.0,0.0,1.7869604242153827,0.0,0.0,0.0,0.0,13.062805775424055,81.66400342459434,0.0,3.4862303757662287,0.0,0.0,0.0,0.0,100.95033212789119,844.7173941349325,0.0,797.7294480519415,7.240100176999991,84.190249946325,134.98768231004044,9.20365703935965,0.05338764147204281,0.0,0.0,0.0,0.0,0.0,0.0,0.0,0.0,0.05338764147204281,0.0,3.216479529689655,4.121690453548345,1.2814290952276106,0.0,-0.08109082579953283,0.9648039945513478,0.05003422313483915,1.2224080267558528,0.6128678986995209,3.9220324134910207,771.5104669502462,1189.0,,False
EA120,les Masies de Roda (Gurri),Gurri,El Ter,2.289947,41.983734,2.290417,41.98375,38.9,249.2,249.75,0.998,True,081167-001_1,655.5703637622026,92.2071752712693,34.91590650912903,4.739445461732877,639.1306930664225,3918.3605213253236,68.85937345414047,2121296318.7813969,0.0,0.0,5.575242097197509,0.0,26.720848665453268,36.56927384954511,0.0,0.0,0.0,0.0,0.0,0.009580554040534709,0.0,0.012994089704365589,0.0,29.17609511522301,0.0,0.0,0.0,0.0,0.0,1.9419567868916219,231.0771850566389,217.0331414533563,36.79372441163103,0.0,12.0,0.9961225967834128,36.714092700711866,0.30297824869525236,3686.3153566484552,11.320366547923301,847.8046337724899,0.0,0.0,0.0,0.0,0.0,0.0,0.0,18.0036616013707,1.0088314585354397,0.0,80.98750694009385,0.0,0.0,0.0,0.0,275.66282760794365,781.5182355388205,0.0,1233.6720865419488,3.0641154220989555,81.09974067746823,126.93656875043955,16.599713441047832,0.23805433826055544,0.0,0.0,0.0,0.0,0.0,0.0,0.0,0.0,0.23805433826055544,0.0,2.7096866825414243,6.211511423473299,2.2923356650398787,0.0,-0.45099647104035623,0.7462033751854784,0.05174537987679671,1.231270358306189,0.6284736481861739,4.05207413945278,621.4755401588028,1158.0,,False
EA121,Colomers (riu i canal de Sentmenat),Ter,El Ter,2.991163,42.07686,2.994583,42.077083,284.0,2900.55,2901.95,1.0,True,170558-002,654.0405936628786,108.49007765825188,10.679675407573619,92.60486714591076,738.0567117136138,2655.8227208272674,81.68789330623396,710191726.0184938,0.0,0.0,24.22658563149416,0.0,35.32992143925133,22.153528092786893,0.0,0.0,0.0,0.0,0.0,0.49536260798725296,3.724204675931098,3.9045830524159495,0.0,9.299764516727839,0.0,0.0014846164310387073,0.0,0.0,0.0,0.7480187568293708,156.45470611329776,149.76081013118608,11.887100105972452,0.0,32.0,3.0364766088492536,9.495701551596209,1.7288754070443766,2128.7097057438405,28.503962047017577,821.5027342239324,0.0,0.0,20.36014582775357,0.4801484882846806,0.0,0.0,0.0,40.27342276765188,16.011282290049042,0.39282605461228226,22.285102597308022,0.0,0.22569242388724492,0.0,0.0,133.7253726524615,864.3826952964637,0.0,753.8555998615047,7.754570192779803,84.43632758776637,119.28630837363565,6.932300755675604,0.8908078065909968,0.0,0.0,0.0,0.0,0.0,0.0,0.0,0.0,0.8908078065909968,0.0,2.9033666229890995,4.897160231761141,1.6867178237102465,0.0,-0.2707227548448057,0.8793800617169724,0.04476386036960986,1.255278310940499,0.584599589322382,3.636015325670498,663.5749119714271,2900.4599156118147,E06|E07|E08,True
EA122,Arenys de Munt,Arenys,Rieres Del Maresme,2.542641,41.592783,2.542917,41.592917,27.4,11.94,11.8,1.012,True,080060-001,592.2470105339777,79.07822000242628,4.004116842232962,0.0,176.67555478881548,967.8764947330112,60.13997263592071,25081963326.51864,0.0,0.0,2.0452852645625805,0.0,50.10292105582405,8.987649473301115,0.0,0.0,0.0,0.0,0.0,6.971182104369268,0.0,3.0,0.0,19.925896839806686,0.0,0.0,0.0,0.0,0.0,8.962948419903343,341.27955260923164,350.24250102913504,39.83532631068152,0.0,39.0,4.0,0.0,0.0,5382.275625983134,20.164673689318473,887.794157888352,0.0,0.0,0.0,0.0,0.0,0.0,0.0,33.10292105582405,32.90531262864188,0.0,33.99176631553408,0.0,0.0,0.0,0.0,1911.8315415107625,702.4775536990237,0.0,3277.835909189427,4.016467368931847,72.04528526456258,154.90531262864187,53.8270926262156,0.0,0.0,0.0,0.0,0.0,0.0,0.0,0.0,0.0,0.0,0.0,2.321839902737882,8.694155805174983,3.744511322646731,0.0,-0.692281940695035,0.41124579669117944,0.05195071868583162,1.2886247877758914,0.6767967145790554,4.681818181818182,242.47682268226825,550.0,,False
EA123,Campllong,Gotarra,El Ter,2.818842,41.89798,2.817083,41.89625,241.2,82.77,100.43,0.824,True,171501-001_1,631.4867836428895,85.54656188909513,6.6932362121054,6.049006652036804,174.16690553862247,1602.1737120139753,79.72360683536212,1031678114.6801362,0.0,0.0,26.486770649305694,0.0,28.024853405795323,25.183391433891003,0.0,0.0,0.0,0.0,0.0,0.36815958105458896,0.0,5.201182850383624,0.0,13.54732587466541,0.0,0.0,0.0,0.0,0.0,0.36253010877064296,240.42269141436796,210.30081365071345,1.4648627401077128,0.0,23.0,8.620968457173937,3.7194383423383526,0.0,3299.5695387454807,16.3424566929874,878.237016703596,0.0,0.0,0.0293617570337616,0.0,0.0,0.0,0.0,24.43708957140616,15.584689895730317,0.0,59.94886749551999,0.0,0.0,0.0,0.0,120.15324869421043,753.3117886910077,0.0,917.2176958394738,3.168722030184995,77.27327658470246,150.6023519379426,7.891883214975755,0.0,0.0,0.0,0.0,0.0,0.0,0.0,0.0,0.0,0.0,0.0,2.60519891891485,4.318655517588201,1.657706628938362,0.0,-0.21907116699409376,1.061229070864559,0.04996577686516085,1.2695652173913043,0.6505133470225872,4.31411711302769,157.51462097051632,801.0,,False
EA124,Riudellots de la Selva,Onyar,El Ter,2.816478,41.898318,2.817917,41.89625,258.8,135.76,117.02,1.16,True,171501-001,625.262939238067,84.271504660901,7.036083732469994,0.0,162.3338384697963,1628.1041958864516,78.88870751284786,1450298470.9719577,0.0,0.0,25.677119459724835,0.0,28.22157094326723,24.98911684090428,0.0,0.0,0.0,0.0,0.0,0.42099179136124687,0.0,5.000430051129733,0.0,14.456834873493028,0.0,0.0,0.0,0.0,0.0,0.40686404566389295,242.37866830553133,212.1954381162386,3.170257671343144,0.0,32.0,8.713038180562576,3.733696654971295,0.0,3328.676721038906,18.317243352031188,880.0920396518045,0.0,0.0,0.008102420563638472,0.0,0.0,0.0,0.0,28.86126241194277,12.601929206023591,0.0,58.52960623042152,0.0,0.0,0.0,0.0,131.72614164980922,743.9344596513959,0.0,939.6321058910899,3.071691096687623,76.39262046110034,151.2842610125829,8.303159435506865,0.0,0.0,0.0,0.0,0.0,0.0,0.0,0.0,0.0,0.0,0.0,1.973086237265999,10.15542078533959,5.146972592242809,0.0,-0.7591571879195896,0.3623659203827294,0.05352498288843258,1.3367521367521367,0.7344969199178645,5.568759730150493,142.4963245974664,521.0,,False
EA125,Qualitat - Pont de Molins,Muga,La Muga,2.917968,42.315518,2.917917,42.31625,81.4,207.68,206.55,1.005,True,171352-003,633.8276848321227,89.97328122710901,6.039766850775442,699.4218339271678,472.47981706285174,803.2176181276506,93.87611748467685,117437768.47280204,0.0,0.0,11.072893857121937,0.0,65.77718620730745,17.0214746727612,0.0,0.0,0.0,0.0,0.0,0.030202836837165646,0.0053891462317044135,2.9834707311993904,0.0,3.1027521139823655,0.0,0.0,0.0,0.0,0.0,0.0065353517070235005,59.75863230390289,44.645920657011835,3.999658338506799,0.0,9.0,1.0171844787756783,0.03308299316053586,8.916142358844915,923.7756186469404,38.851481929133094,877.0714914009968,0.0,0.0,0.0787261195848942,0.004311316985363531,0.0,0.0,0.0,75.71369733496053,6.0529195634656086,0.0,19.140036349157985,0.0,0.0,0.0,0.0,15.106291266905204,779.8161668847353,0.0,451.50952153574536,7.980215034395022,76.98261350487212,132.03097842909747,0.0369956744238939,2.9720474529483054,0.0,0.0,0.0,0.0,0.0,0.0,0.0,0.0,2.9720474529483054,0.0,3.111971794097293,10.085911484141457,3.241003502432815,0.0,-0.6334502673176432,0.4579985871767128,0.04709103353867214,1.295668549905838,0.6238193018480492,3.995615957913196,451.2753013337136,1434.0,E01,True
EA131,la Bisbal d'Empordà (Daró),Daro,El Daró,3.038219,41.964586,3.032083,41.964583,508.4,102.49,143.82,0.713,False,170221-002,577.8159919020425,76.96747926557785,27.34183902697423,0.0,155.1377048888557,1508.025051729026,76.02444422001638,753279378.6524763,0.0,0.0,13.895762583622767,0.0,57.98635469840755,3.1749013416079928,0.0,0.0,0.0,0.0,0.0,1.0895572477937339,0.0,4.965899066950276,0.0,16.845345301638538,0.0,0.0,0.0,0.0,0.0,1.0925075932970423,164.2118924657306,128.0652540292696,7.657176399169746,0.0,32.0,5.034067466106846,0.05471988463000451,0.0,2056.8021618202843,57.2675598850592,892.9621563096094,0.0,0.0,8.70683036740262,0.0,0.0,0.0,0.0,23.100095565140307,4.202668215461439,0.0,64.95783144837368,0.0,0.0,0.0,0.0,93.79794372873681,682.7901798476739,0.0,534.8404801892385,4.962227868542579,69.98375752252217,152.06365574475893,5.493672976822009,0.0,0.0,0.0,0.0,0.0,0.0,0.0,0.0,0.0,0.0,0.0,1.8570701800350922,13.821244575394303,7.44249987102433,0.0,-0.8431035444754719,0.23333236969989568,0.053661875427789184,1.3540587219343696,0.7551676933607119,6.0092592592592595,196.60035913806863,527.0,,False
EA132,Serra de Daró (riu Daró),Daro,El Daró,3.07139,42.025005,3.06375,42.027917,710.3,172.6,203.69,0.847,True,171910-001,577.6297534795599,76.92399360260863,27.621936246558054,3.2005207214677887,154.6880692920275,1520.880623839681,75.71448301736459,694141684.8538746,0.0,0.0,13.991118954837132,0.0,57.60144899227228,3.1479923066364104,0.0,0.0,0.0,0.0,0.0,1.1186450397978127,0.0,5.015969863498084,0.0,17.110532807147028,0.0,0.0,0.0,0.0,0.0,1.0528445214229063,163.7649052317031,127.37993935436907,7.658972713481121,0.0,60.0,5.119981535773645,0.036696579881090215,0.0,2040.535003115367,57.057780045359436,893.1756754422261,0.0,0.0,9.20057779306184,0.0,0.0,0.0,0.0,22.514468547885997,4.119632419433549,0.0,65.12603270278984,0.0,0.0,0.0,0.0,91.26110799513367,682.5437413965478,0.0,528.8484566814016,4.94322554453881,69.94770238803687,152.07468762825835,5.335127304922466,0.014620801781808728,0.0,0.0,0.0,0.0,0.0,0.0,0.0,0.0,0.014620801781808728,0.0,1.8856764541810243,10.767503982263014,5.710154548723732,0.0,-0.7928274557058188,0.3057599227862372,0.0541409993155373,1.3544520547945205,0.7561943874058864,6.047071702244116,133.4529417229926,527.0,,False
EA134,Terrassa (riera de les Arenes),de les Arenes,El Llobregat,2.033961,41.532826,2.03375,41.532917,20.3,56.35,,,True,,542.0871907893762,71.97268148993935,1.282768394913842,7.444313747661925,316.3786389536655,695.2158956938641,32.261558099842496,11240094259.438948,0.0,0.0,2.0877914072819115,0.0,27.29156777753731,3.842272071709102,0.0,0.0,0.0,0.0,0.0,6.894809657228896,0.0,6.952413476451002,0.0,34.75539730269048,0.0,0.0,0.0,0.0,0.0,18.2105485870318,345.18205795869324,352.5687344664174,6.261019015359566,1.0,12.0,1.0130642840372344,0.09339627119181995,0.0,5752.149272686423,17.50883156972042,895.0870820935656,0.0,0.0,0.0,0.0,0.0,0.0,0.0,0.0,63.04142127245554,0.0,36.95857872754446,0.0,0.0,0.0,0.0,1874.4540075761004,638.0598722793155,0.0,5777.93871000292,2.13086536901396,64.99774251461548,149.8618729808057,73.82239462204174,0.0,0.0,0.0,0.0,0.0,0.0,0.0,0.0,0.0,0.0,0.0,1.9313932004625816,4.552940483726702,2.3573348413136395,0.0,-0.43722919973024393,0.912708311388385,0.05427789185489391,1.2873376623376624,0.7093771389459275,5.105418719211823,401.6401395399543,1089.0,,False
EA138,Camprodon (aigua avall CH Matabosc),Ter,El Ter,2.362245,42.291123,2.362917,42.29125,57.1,203.81,,,True,,636.2465745322618,160.61032643316548,4.780392062790086,0.0,1576.60952068963,6245.050984039485,72.33985245313745,101495225.0208813,0.0,0.0,56.31872337519695,0.0,10.720043560123496,6.1946152187823005,0.0,0.0,0.0,0.0,0.0,0.0,18.260738757507088,9.335458484372701,0.0,0.05110245262980702,0.0,0.012941717106166378,0.0,0.0,0.0,0.0,71.3014878135981,97.0892788563429,21.33961608587692,0.0,15.0,0.0,0.03646572537700772,0.0,720.2705063856487,26.114226589956612,694.9221549254055,0.0,0.0,67.78526698649009,0.11694477772149459,0.0,0.0,0.0,25.48280372187184,0.0,5.5238248324583825,0.12421779702338252,0.0,0.9486630483364328,0.0,0.0,11.14814865848769,1085.1646510959822,0.0,265.7770695444955,16.405350075290936,94.5804266244713,70.58437426680123,0.12909775242869287,0.0,0.0,0.0,0.0,0.0,0.0,0.0,0.0,0.0,0.0,0.0,3.3129819233725337,3.4875313177852374,1.052686491641046,0.0,0.05506893991777221,0.9120184847952225,0.04086242299794661,1.236024844720497,0.554757015742642,3.3813099707968295,1531.3377702217065,2830.0,,False
EA139,Camprodon  (Creixenturri),Ter,El Ter,2.367672,42.287001,2.36875,42.287083,89.3,204.99,,,True,,636.4973940432142,160.36605981579225,4.758720706130318,0.0,1573.688149176664,6221.197474018082,72.41816018540334,103017925.87959139,0.0,0.0,56.21371003763256,0.0,10.842032369234612,6.250825259235933,0.0,0.0,0.0,0.0,0.0,0.0,18.236313780490317,9.281942328630914,0.0,0.050809504316844986,0.0,0.012867527825652826,0.0,0.0,0.0,0.0,71.63798105870625,97.28940695855763,21.22301784230891,0.0,15.0,0.0,0.03625668310642401,0.0,724.4823935762104,26.044780955554753,695.4499974845717,0.0,0.0,67.39668329655989,0.11627438376621017,0.0,0.0,0.0,25.90997865796494,0.0,5.492159127927743,0.12350570998635771,0.0,0.9432247723774922,0.0,0.0,11.355506276016767,1084.2350311165892,0.0,266.43759289228865,16.357165829766572,94.55416901484136,70.75300135786647,0.14555539637383627,0.0,0.0,0.0,0.0,0.0,0.0,0.0,0.0,0.0,0.0,0.0,3.3147523231019824,3.489811190084882,1.052812050469906,0.0,0.05489046054329502,0.9115976596655936,0.04086242299794661,1.236024844720497,0.5545516769336071,3.3814691151919867,1523.5663574204043,2830.0,,False
EA140,Torelló  (Colònia Lacambra),Ter,El Ter,2.24135,42.035328,2.242083,42.035417,61.5,1043.84,,,True,,657.1160189034512,136.0844890296964,6.3600528621429655,0.9327928197747744,1270.2934469092631,4175.092158545161,81.40621894543003,300640938.9474008,0.0,0.0,33.64428379030419,0.0,32.84015501430874,15.084627136602354,0.0,0.0,0.0,0.0,0.0,0.0,10.348178982975424,5.313628815432857,0.0,2.6517445774288615,0.0,0.004125196622179143,0.0,0.0,0.0,0.20904116420395824,107.03345722199522,110.92262574281355,10.05051930249109,0.0,15.0,0.2157898535359324,0.11941517182674523,0.010050784664333262,1227.4020846087549,33.57127335625907,750.08947489914,0.0,0.0,28.97285239087095,1.3341539811940453,0.0,0.0,0.0,64.79820123261315,0.026562788041452193,1.0915174315137945,3.361162405852663,0.0,0.6271152637181152,0.0,0.0,42.88071255633161,983.6427372699512,0.0,391.4423956969391,12.470401646393748,91.31623464404474,88.56062452573174,2.43581216895317,0.007897045093404706,0.0,0.0,0.0,0.0,0.0,0.0,0.0,0.0,0.007897045093404706,0.0,3.061448512250674,4.201077433830545,1.372251539432899,0.0,-0.137139501332086,0.9289961541863577,0.04243668720054757,1.2301587301587302,0.5581793292265571,3.4643160577740018,1143.1672367460806,2901.0,,False
EA141,Les Masies de Voltregà,Ter,El Ter,2.253999,42.023,2.254583,42.022917,49.3,1049.65,,,True,,657.1597824614663,135.84581086881653,6.418969913919618,0.9276240307733272,1266.8517366020717,4175.5435138190105,81.41509139458778,305934453.31350636,0.0,0.0,33.52450739627436,0.0,32.79669067197099,15.261368903553844,0.0,0.0,0.0,0.0,0.0,0.0,10.290837682122438,5.284184950089196,0.0,2.720132826609849,0.0,0.004102338094028513,0.0,0.0,0.0,0.21896009612114362,107.6202390454867,111.41032114898552,10.122208314029255,0.0,15.0,0.22013531663763763,0.11875346880581819,0.00999509128405889,1239.7769971356233,33.396551045970476,750.6484811710015,0.0,0.0,28.812308101073945,1.326761170831399,0.0,0.0,0.0,64.77727763232924,0.02641559839358421,1.0854691181313452,3.5585212525660364,0.0,0.6236402943476086,0.0,0.0,44.38426205570697,982.5700782410254,0.0,396.1691393051502,12.417929407144884,91.26463717155022,88.76248592594378,2.527525861448326,0.007853286008903414,0.0,0.0,0.0,0.0,0.0,0.0,0.0,0.0,0.007853286008903414,0.0,3.0608296912210458,4.201194623815925,1.3725672603953203,0.0,-0.13714815851555975,0.9294136630899202,0.04250513347022587,1.2297029702970297,0.5578370978781656,3.4636634084147895,1143.1672367460806,2901.0,,False
