gauge_id,T2,T5,T20,n_years
EA001b,13.504,27.243,45.066,17
EA004,14.501,25.94,40.778,17
EA007,2.898,5.53,8.945,16
EA008,10.082,26.955,48.841,9
EA009,6.155,18.027,33.426,8
EA010,115.564,278.375,489.569,16
EA012,11.77,27.772,48.528,19
EA013,23.086,39.827,61.543,17
EA014,2.684,4.17,6.097,13
EA015,14.019,37.353,67.621,15
EA016,141.724,289.099,480.272,18
EA020,51.458,134.535,242.3,17
EA023,104.496,173.888,263.902,19
EA026,10.395,30.173,55.829,12
EA027,11.26,28.022,49.765,11
EA028,4.652,8.498,13.487,16
EA033,135.888,228.78,349.277,17
EA035,8.545,21.787,38.964,14
EA037,12.548,29.033,50.417,19
EA039,1.414,3.095,5.276,18
EA047,47.064,87.605,140.194,18
EA049,179.744,368.989,614.474,19
EA050,34.756,77.044,131.899,12
EA051,21.663,133.505,278.583,13
EA052,106.241,241.731,417.486,17
EA060,92.702,256.827,469.725,18
EA061,2.67,5.2,8.481,8
EA063,3.955,6.763,10.407,10
EA064,3.267,8.012,14.167,17
EA065,2.106,5.387,9.644,12
EA066,37.898,84.04,143.894,11
EA067,49.561,101.668,169.259,18
EA068,30.705,65.052,109.606,16
EA072,52.32,84.997,127.385,19
EA074,23.738,44.788,72.094,12
EA076,18.15,27.075,38.653,9
EA077,9.075,18.388,30.468,14
EA078,52.782,86.884,131.121,15
EA079,15.805,32.715,54.649,16
EA080,158.91,339.91,574.699,19
EA081,35.806,79.098,135.256,12
EA082,24.668,58.079,101.418,17
EA085,196.841,368.405,590.953,11
EA086,9.405,14.502,21.114,14
EA088,38.776,94.267,166.248,13
EA089,61.99,147.466,258.343,15
EA093,160.664,332.457,555.303,19
EA094,4.343,6.556,9.426,9
EA095,5.386,11.474,19.371,9
EA098,6.887,13.573,22.246,13
EA099,81.994,177.721,301.897,10
EA101,32.655,65.969,109.183,10
EA110,10.818,21.194,34.654,14
EA111,2.511,11.14,22.333,11
EA112,0.719,2.006,3.676,8
EA113,31.724,73.95,128.724,8
EA115,14.503,37.577,67.509,13
EA120,8.245,14.866,23.455,12
EA121,200.699,440.569,751.723,15
EA123,26.405,54.144,90.127,18
EA124,9.407,22.365,39.174,15
EA125,15.34,36.123,63.084,18
EA131,22.41,46.621,78.027,10
EA132,37.175,98.194,177.346,14
