gauge_id,month,factor
EA001b,1,0.885776478881698
EA001b,2,0.7035316492121793
EA001b,3,0.818103870802838
EA001b,4,0.7543371965078502
EA001b,5,0.7288683850206147
EA001b,6,0.8043873534079804
EA001b,7,0.6674059941018824
EA001b,8,0.6704037919164891
EA001b,9,0.7578315528017513
EA001b,10,0.7351507886860913
EA001b,11,0.9455156020802937
EA001b,12,0.9245686526473201
EA004,1,0.8071392668808455
EA004,2,0.7803374289988949
EA004,3,0.7822659719851663
EA004,4,0.6775942105927056
EA004,5,0.6624580779261269
EA004,6,0.6522194683384366
EA004,7,0.4149635391148785
EA004,8,0.42353813385324246
EA004,9,0.5209465881028137
EA004,10,0.6386424293667745
EA004,11,0.9167466670148847
EA004,12,0.6994905629737384
EA007,1,0.7553431853159073
EA007,2,0.7946772650794687
EA007,3,0.7523332500282757
EA007,4,0.6800797701093749
EA007,5,0.6574536929572914
EA007,6,0.6131750484203286
EA007,7,0.42587353859942556
EA007,8,0.4609505897981774
EA007,9,0.5633031073760192
EA007,10,0.7510746635366261
EA007,11,0.9159932836416987
EA007,12,0.6866876831758357
EA008,1,0.7631605487468567
EA008,2,0.8702342898385155
EA008,3,0.8241107071706503
EA008,4,0.7336257617575132
EA008,5,0.6949271918158274
EA008,6,0.6196425185486064
EA008,7,0.5315907306284049
EA008,8,0.5608452314810691
EA008,9,0.6136925515740039
EA008,10,0.803301080774431
EA008,11,0.9413995609669119
EA008,12,0.711573611873163
EA009,1,0.7003104721333567
EA009,2,0.6563895133805173
EA009,3,0.7162275677557749
EA009,4,0.6710747612898272
EA009,5,0.528505836564003
EA009,6,0.4952424923584898
EA009,7,0.37138528538233073
EA009,8,0.4906211015153865
EA009,9,0.5442959723127532
EA009,10,0.6426655424472654
EA009,11,0.8529510133250596
EA009,12,0.6562125077972422
EA010,1,0.7865165181012039
EA010,2,0.6554697598742366
EA010,3,0.7543523487664928
EA010,4,0.6969936781641091
EA010,5,0.6131966721617987
EA010,6,0.6851852450227062
EA010,7,0.5380831775239325
EA010,8,0.6465826601738864
EA010,9,0.652156409053561
EA010,10,0.718268462885473
EA010,11,0.9070856524740549
EA010,12,0.7314394913955512
EA011,1,0.8307806126269421
EA011,2,0.709548924162641
EA011,3,0.7562244262568042
EA011,4,0.6519476716415007
EA011,5,0.6432529603601478
EA011,6,0.632505357218883
EA011,7,0.3811404418256238
EA011,8,0.4215225379717276
EA011,9,0.4632300482126591
EA011,10,0.6020507472264557
EA011,11,0.8903804859432288
EA011,12,0.6759781629989066
EA012,1,0.7504488872826955
EA012,2,0.7049883135452193
EA012,3,0.782834480036739
EA012,4,0.7586468438116674
EA012,5,0.5754563434821982
EA012,6,0.5281161245017623
EA012,7,0.42975598582941804
EA012,8,0.4797068621277488
EA012,9,0.6610974579390057
EA012,10,0.6920601781788822
EA012,11,0.9673939794243253
EA012,12,0.7119587130696652
EA013,1,0.7468389537312919
EA013,2,0.616726389900615
EA013,3,0.7438074548540469
EA013,4,0.6526444859098102
EA013,5,0.5035685271274812
EA013,6,0.5932736193099175
EA013,7,0.4190219954252379
EA013,8,0.5553916751964917
EA013,9,0.6338526054743692
EA013,10,0.6469323767694612
EA013,11,0.8857173369174676
EA013,12,0.7043600423251385
EA014,1,1.097481018249673
EA014,2,1.0108598286865536
EA014,3,1.0485190854036204
EA014,4,0.95999741680101
EA014,5,1.0343908751491724
EA014,6,1.0162496551927167
EA014,7,0.605942821105101
EA014,8,0.5157007976727167
EA014,9,0.8620911909150705
EA014,10,1.051139970511825
EA014,11,1.2810016261305588
EA014,12,1.0785767929330266
EA015,1,1.023383105565128
EA015,2,0.8678384037139923
EA015,3,1.0226293390010945
EA015,4,0.8207967388046895
EA015,5,0.6522280560339815
EA015,6,0.5678828027398025
EA015,7,0.4243378451299919
EA015,8,0.5232770206979032
EA015,9,0.603532758853058
EA015,10,0.8387873440132352
EA015,11,1.206467261132482
EA015,12,0.8791907658799527
EA016,1,0.7256804144322078
EA016,2,0.6148975453073271
EA016,3,0.7086710540712708
EA016,4,0.6678305678842781
EA016,5,0.5148919556334277
EA016,6,0.5630842182662719
EA016,7,0.41261909424479026
EA016,8,0.5385557589722281
EA016,9,0.610403675089935
EA016,10,0.6385071717201038
EA016,11,0.8841920972110473
EA016,12,0.6540148335733169
EA019,1,0.7898514686644827
EA019,2,0.6387958491707134
EA019,3,0.7453145439467698
EA019,4,0.707276692208086
EA019,5,0.6502119818079716
EA019,6,0.766051348384559
EA019,7,0.6227278459672273
EA019,8,0.7313486362499042
EA019,9,0.7322245275416384
EA019,10,0.7603721976950694
EA019,11,0.9251839003181964
EA019,12,0.7496139957270825
EA020,1,0.8550485162864958
EA020,2,0.7797216358582199
EA020,3,0.8169987798813522
EA020,4,0.8649308032081553
EA020,5,0.801312000312509
EA020,6,0.8458746637090706
EA020,7,0.7974689519026775
EA020,8,0.9108731791210185
EA020,9,0.7781763420091717
EA020,10,0.7379192032948928
EA020,11,0.8924380955944463
EA020,12,0.7193306276525083
EA023,1,0.8048439197436525
EA023,2,0.6836802771336591
EA023,3,0.7785400746426487
EA023,4,0.704752397797982
EA023,5,0.7113638116575907
EA023,6,0.7931520757519291
EA023,7,0.6632850729537222
EA023,8,0.6680866445763094
EA023,9,0.7373447189557689
EA023,10,0.7013129582134018
EA023,11,0.8978115399709963
EA023,12,0.7578420995937192
EA026,1,1.1046142904170426
EA026,2,0.89145128232158
EA026,3,1.0756812573555357
EA026,4,0.8494295309730092
EA026,5,0.6396433943767539
EA026,6,0.607467160891191
EA026,7,0.4214525549174775
EA026,8,0.5374925206863463
EA026,9,0.6080853318818749
EA026,10,0.8609732950929319
EA026,11,1.3676992785563284
EA026,12,0.9323792187283927
EA027,1,0.9719171552309028
EA027,2,0.7934192992183652
EA027,3,0.9197631813564037
EA027,4,0.7474646691309839
EA027,5,0.5720176278719222
EA027,6,0.6038926289021598
EA027,7,0.4119492683653775
EA027,8,0.5305628109417618
EA027,9,0.566032379097885
EA027,10,0.7571071495525643
EA027,11,1.1153160310743768
EA027,12,0.8311765639064436
EA028,1,0.9068465264233377
EA028,2,0.8432249214513428
EA028,3,0.8864910276245873
EA028,4,0.8056760105252131
EA028,5,0.7820223812458399
EA028,6,0.7756554448080322
EA028,7,0.5381729740821823
EA028,8,0.37579066210832757
EA028,9,0.5932264270567102
EA028,10,0.7937338293753224
EA028,11,1.0501827979651017
EA028,12,0.7339098125282024
EA033,1,0.8360006111399982
EA033,2,0.691134765607516
EA033,3,0.7861694208926289
EA033,4,0.772546711434806
EA033,5,0.6908036416054785
EA033,6,0.7720731420979317
EA033,7,0.6433421598726893
EA033,8,0.754027318422344
EA033,9,0.776556428937969
EA033,10,0.8630961120598132
EA033,11,1.0489041119703415
EA033,12,0.8307069849697634
EA035,1,0.8866358933279797
EA035,2,0.8449685498023584
EA035,3,0.9338606639029674
EA035,4,0.7947974004090685
EA035,5,0.7313496100207634
EA035,6,0.5790834177592101
EA035,7,0.5573308744264943
EA035,8,0.5670312404551257
EA035,9,0.6756475108530309
EA035,10,0.7742312674748167
EA035,11,0.9213124344930452
EA035,12,0.834489716379743
EA037,1,0.9528132946337634
EA037,2,0.8388137880021599
EA037,3,0.9045438037459976
EA037,4,0.7595949765232286
EA037,5,0.6849164713357985
EA037,6,0.7018842109326442
EA037,7,0.5181415071572134
EA037,8,0.6055956392393774
EA037,9,0.679927580825537
EA037,10,0.7424033817780901
EA037,11,1.0550479928928984
EA037,12,0.8371583122843275
EA039,1,0.8046159460108934
EA039,2,0.8380909923186445
EA039,3,0.8251658549855896
EA039,4,0.690960376024383
EA039,5,0.6728868678733172
EA039,6,0.5896958738193978
EA039,7,0.4831083527045252
EA039,8,0.40971589853125506
EA039,9,0.5482941365813792
EA039,10,0.6736111863800115
EA039,11,0.9386567581392341
EA039,12,0.700918803704206
EA040,1,0.6904989062950245
EA040,2,0.6254365140676116
EA040,3,0.6844451126914842
EA040,4,0.6662797945349151
EA040,5,0.485163758466162
EA040,6,0.5085808215423804
EA040,7,0.36241644691430674
EA040,8,0.4762268852366745
EA040,9,0.5600667268136207
EA040,10,0.6268872917591625
EA040,11,0.8658727807140525
EA040,12,0.6342610436055025
EA041,1,1.1819367599774855
EA041,2,1.0276750045477043
EA041,3,1.0032395328901826
EA041,4,0.9917399352228855
EA041,5,0.9903218556973712
EA041,6,1.0869588081083208
EA041,7,0.653335618456203
EA041,8,0.406681477495341
EA041,9,0.7364465532968089
EA041,10,1.1149274073175401
EA041,11,1.2751405100468653
EA041,12,1.0693165301205931
EA044,1,0.8409731560336439
EA044,2,0.913767514068071
EA044,3,0.9611781270688902
EA044,4,0.845478444599384
EA044,5,0.8201107438214327
EA044,6,0.7588396302165445
EA044,7,0.6354359634179306
EA044,8,0.6221812786203139
EA044,9,0.7290384232121299
EA044,10,0.7664756171113659
EA044,11,0.9652645600462014
EA044,12,0.9525747503322154
EA045,1,0.8106984482041968
EA045,2,0.8744064359553982
EA045,3,0.8566581650901924
EA045,4,0.7545650749946706
EA045,5,0.7282891809506241
EA045,6,0.6848603149396243
EA045,7,0.5913942414875027
EA045,8,0.6025574075240441
EA045,9,0.7677539677009568
EA045,10,0.7420473221001009
EA045,11,0.8973710866804634
EA045,12,0.9106731530491486
EA046,1,0.8755981295171464
EA046,2,0.851406496102985
EA046,3,0.8350749056144638
EA046,4,0.7364276302970884
EA046,5,0.7091300937336258
EA046,6,0.6875442708184457
EA046,7,0.5676127723154551
EA046,8,0.6039370233413897
EA046,9,0.7564312317591911
EA046,10,0.7273804259923773
EA046,11,0.9190787554218302
EA046,12,0.8589746590917177
EA047,1,0.8664466398315591
EA047,2,0.8620756623941512
EA047,3,0.9078432027428107
EA047,4,0.7852138505538959
EA047,5,0.7442567976407505
EA047,6,0.6857053300186107
EA047,7,0.5872057286620544
EA047,8,0.6034054712208139
EA047,9,0.7222786912474473
EA047,10,0.7536612286547245
EA047,11,0.9364589260187495
EA047,12,0.8749393173823602
EA049,1,0.8135256549500883
EA049,2,0.7340687222498846
EA049,3,0.8039281364957017
EA049,4,0.718139901407811
EA049,5,0.7181278368077357
EA049,6,0.7733585734685726
EA049,7,0.6210816149688609
EA049,8,0.6234407606050795
EA049,9,0.6888577181566946
EA049,10,0.7051260910104518
EA049,11,0.9190023671732321
EA049,12,0.7726199414173053
EA050,1,0.7125212854093385
EA050,2,0.6544591323881789
EA050,3,0.7406275318469407
EA050,4,0.71923084090811
EA050,5,0.529567585048953
EA050,6,0.5029897562688823
EA050,7,0.4045719093256104
EA050,8,0.4726885290991627
EA050,9,0.6122019579868713
EA050,10,0.6555409509445228
EA050,11,0.9288041097457868
EA050,12,0.6822881744774277
EA051,1,0.7863998427491915
EA051,2,0.7565107220201849
EA051,3,0.8352312653231101
EA051,4,0.8073495592973686
EA051,5,0.6490126119236826
EA051,6,0.6022360793122847
EA051,7,0.4906192875574076
EA051,8,0.542215995658065
EA051,9,0.7177997663726761
EA051,10,0.7283034565170112
EA051,11,1.0064292493200422
EA051,12,0.767841634492662
EA052,1,0.8039421508126319
EA052,2,0.7430996778578738
EA052,3,0.8013998403974898
EA052,4,0.8104235604740886
EA052,5,0.6725527075206585
EA052,6,0.6336065191836494
EA052,7,0.5155294906503977
EA052,8,0.5202614983162552
EA052,9,0.7546513989639875
EA052,10,0.7332511850701467
EA052,11,0.9695105935947658
EA052,12,0.6821544528628402
EA053,1,0.7222326154583791
EA053,2,0.6247636161058705
EA053,3,0.7160245322322338
EA053,4,0.680867767293986
EA053,5,0.5250803752755443
EA053,6,0.5681987260575015
EA053,7,0.4227500939459783
EA053,8,0.5431319906492801
EA053,9,0.62005435136181
EA053,10,0.6455815580496485
EA053,11,0.8913129601577197
EA053,12,0.6503290715006113
EA056,1,1.0098554916392668
EA056,2,0.8471818131788822
EA056,3,1.0263000942404599
EA056,4,0.846530243698767
EA056,5,0.6232497616747074
EA056,6,0.5777396854641802
EA056,7,0.37915236999884827
EA056,8,0.5077513833859317
EA056,9,0.5538215918807983
EA056,10,0.8197533150700108
EA056,11,1.2520825758830576
EA056,12,0.8528096426490682
EA058,1,1.0887403549964239
EA058,2,0.9912836757008833
EA058,3,1.0371227807297818
EA058,4,0.9583906026428388
EA058,5,0.9064468333352635
EA058,6,0.9978514562674086
EA058,7,0.6369645520606209
EA058,8,0.4214913456097173
EA058,9,0.7691274800959741
EA058,10,1.0201530107568197
EA058,11,1.2799102616544782
EA058,12,0.9141188036904715
EA060,1,0.799958862832644
EA060,2,0.6480237472916773
EA060,3,0.7520261553658214
EA060,4,0.695356415633743
EA060,5,0.622217663565311
EA060,6,0.7214112126063644
EA060,7,0.5696402594290071
EA060,8,0.6758895071476618
EA060,9,0.6818655112181516
EA060,10,0.7348432115870503
EA060,11,0.9191241254305063
EA060,12,0.7455315505975977
EA061,1,0.6963234807396987
EA061,2,0.6644080203748769
EA061,3,0.7025574303900678
EA061,4,0.7510486716364441
EA061,5,0.565598641074966
EA061,6,0.5635692164923238
EA061,7,0.4494282835365798
EA061,8,0.5423368930644706
EA061,9,0.6021815576898939
EA061,10,0.6790264212636654
EA061,11,0.9287027875918917
EA061,12,0.6242459047852822
EA063,1,0.9052127925848541
EA063,2,0.6905944235968003
EA063,3,0.8336386802399188
EA063,4,0.7627799861166719
EA063,5,0.7455174572562343
EA063,6,0.8566081377956006
EA063,7,0.748563608546583
EA063,8,0.7208419474323801
EA063,9,0.8248315386938977
EA063,10,0.7422020258259469
EA063,11,0.9360265903325022
EA063,12,0.896031767057295
EA064,1,0.9060737721233101
EA064,2,0.9303659191093455
EA064,3,0.8518687779551857
EA064,4,0.9782074076135433
EA064,5,0.9670004144637517
EA064,6,1.1420555562889074
EA064,7,1.1977596764484386
EA064,8,1.2454406557642341
EA064,9,0.997184881213358
EA064,10,0.8759782712842304
EA064,11,0.9335544441354652
EA064,12,0.7367746763031624
EA065,1,0.7882442030732926
EA065,2,0.7934033640725718
EA065,3,0.7830867796373461
EA065,4,0.6723923333341245
EA065,5,0.6507523901018586
EA065,6,0.6333650647977036
EA065,7,0.44063035775012455
EA065,8,0.37875319575020777
EA065,9,0.5143113344895147
EA065,10,0.6376644022326221
EA065,11,0.9100510587535169
EA065,12,0.66915017086199
EA066,1,0.8305874074970105
EA066,2,0.7256837941889983
EA066,3,0.8508461603144257
EA066,4,0.8396488179193372
EA066,5,0.7757848732014245
EA066,6,0.9268186518187884
EA066,7,0.8601903306262769
EA066,8,0.8423439953292718
EA066,9,0.8821720986329128
EA066,10,0.9379259389182063
EA066,11,0.9872252446646146
EA066,12,0.7793506618000894
EA067,1,0.8064969531149998
EA067,2,0.6594659312772129
EA067,3,0.7951299247525049
EA067,4,0.7596750817928568
EA067,5,0.7431792158212004
EA067,6,0.8945238004346786
EA067,7,0.8164876022629823
EA067,8,0.8206895083851481
EA067,9,0.8606601010625845
EA067,10,0.7889325558594154
EA067,11,0.8902865872640389
EA067,12,0.7231449796583096
EA068,1,0.845165592847656
EA068,2,0.6705149282714312
EA068,3,0.7874406551583809
EA068,4,0.7120917401032398
EA068,5,0.6962353509189854
EA068,6,0.7727455909417086
EA068,7,0.6249928824841866
EA068,8,0.626823736388648
EA068,9,0.7169286719826272
EA068,10,0.6840153917212175
EA068,11,0.902529687215884
EA068,12,0.8590135855090233
EA072,1,0.8858959293640751
EA072,2,0.7398162873417584
EA072,3,0.8407327466981672
EA072,4,0.7906892450491451
EA072,5,0.6965972878996327
EA072,6,0.7491100706059739
EA072,7,0.6122771783405077
EA072,8,0.7504838200956464
EA072,9,0.7752813023856405
EA072,10,0.8374619089918669
EA072,11,1.1005002733264957
EA072,12,0.8459154766418183
EA074,1,0.8072284449104304
EA074,2,0.7986625309400085
EA074,3,0.8023215554259608
EA074,4,0.6916115495610178
EA074,5,0.6843422212322435
EA074,6,0.6576601875846837
EA074,7,0.4326629655867226
EA074,8,0.446203661555317
EA074,9,0.5392229063581848
EA074,10,0.6666800086910862
EA074,11,0.9198944825048383
EA074,12,0.7268180608565594
EA075,1,0.8772502788406271
EA075,2,0.942545031860876
EA075,3,0.91188929363916
EA075,4,0.7837864565207081
EA075,5,0.7686901862831885
EA075,6,0.6700038710697375
EA075,7,0.5426200129999124
EA075,8,0.5836019836824781
EA075,9,0.7204200439223761
EA075,10,0.755217110102978
EA075,11,1.0234542424641537
EA075,12,0.9325540603735675
EA076,1,0.8639479995753242
EA076,2,0.9116968140383502
EA076,3,0.9427524767824752
EA076,4,0.85016780564518
EA076,5,0.813006381891916
EA076,6,0.7965429294302502
EA076,7,0.5913955686693034
EA076,8,0.6340340603787685
EA076,9,0.699598358092499
EA076,10,0.7638404591202439
EA076,11,0.9866495882452356
EA076,12,0.9663518237072178
EA077,1,0.7433657812058742
EA077,2,0.6119397264262002
EA077,3,0.7127795564510767
EA077,4,0.6381235131188282
EA077,5,0.6935712000914667
EA077,6,0.785551084882698
EA077,7,0.6561829842109749
EA077,8,0.7191863005405807
EA077,9,0.7553523565374952
EA077,10,0.6535774173043712
EA077,11,0.7898664267046366
EA077,12,0.6323323993549954
EA078,1,0.8281483027671809
EA078,2,0.7589894220230792
EA078,3,0.8860130090617232
EA078,4,0.8794385547965988
EA078,5,0.791982038887416
EA078,6,0.9334100109419587
EA078,7,0.8621893659512012
EA078,8,0.8283556011079248
EA078,9,0.8569985895512954
EA078,10,1.0274102896201724
EA078,11,1.0533615773913585
EA078,12,0.822977152318779
EA079,1,0.8671891928414531
EA079,2,0.8786811989363087
EA079,3,0.8990040006758274
EA079,4,0.8151919332496634
EA079,5,0.7965583238454318
EA079,6,0.7996020810553298
EA079,7,0.5459741585673508
EA079,8,0.46199734462202324
EA079,9,0.723064311763502
EA079,10,0.8895026191038428
EA079,11,1.0854337226920534
EA079,12,0.7809573400233738
EA080,1,0.7913863854121517
EA080,2,0.6889619957980905
EA080,3,0.7705094797708137
EA080,4,0.739834536557459
EA080,5,0.6462334230213133
EA080,6,0.7092321836620347
EA080,7,0.579132742751639
EA080,8,0.6886227337103896
EA080,9,0.6817187061544532
EA080,10,0.7306659579769519
EA080,11,0.9120415641268739
EA080,12,0.7202418080759537
EA081,1,0.8008603461200741
EA081,2,0.744942463674046
EA081,3,0.8352507954277595
EA081,4,0.7898545659976489
EA081,5,0.6621692478645059
EA081,6,0.6073391895769659
EA081,7,0.48525452627565224
EA081,8,0.5861954724778463
EA081,9,0.6545991550780762
EA081,10,0.7073127963609246
EA081,11,0.926846295656519
EA081,12,0.719493908421411
EA082,1,0.6999116296524615
EA082,2,0.696151777231984
EA082,3,0.7757490981835228
EA082,4,0.7802375610798906
EA082,5,0.6010064391794339
EA082,6,0.558892943138658
EA082,7,0.48359596793730725
EA082,8,0.48491723692325533
EA082,9,0.7095801976840997
EA082,10,0.6936771265377444
EA082,11,0.9467128255140581
EA082,12,0.6326349185549239
EA084,1,0.8069455998258636
EA084,2,0.6964232568294448
EA084,3,0.7860428053512929
EA084,4,0.7106447431164468
EA084,5,0.7160285476354444
EA084,6,0.7906732502324411
EA084,7,0.6553013472553884
EA084,8,0.6601911519938067
EA084,9,0.7280970115537603
EA084,10,0.7041539825728815
EA084,11,0.9087638365345195
EA084,12,0.7651895197284311
EA085,1,0.790457553185122
EA085,2,0.6322493057745535
EA085,3,0.7477284273922213
EA085,4,0.7213273533658061
EA085,5,0.6529238331214832
EA085,6,0.7690978393337234
EA085,7,0.6356528309430867
EA085,8,0.7452672983536384
EA085,9,0.7548227587914382
EA085,10,0.7839840389509911
EA085,11,0.9497423241392122
EA085,12,0.7608792077889962
EA086,1,0.6713518624477084
EA086,2,0.6742355192395866
EA086,3,0.7920279390167098
EA086,4,0.8290511243867635
EA086,5,0.7320342729321008
EA086,6,0.8927086566012321
EA086,7,0.8028066616677397
EA086,8,0.8130650859031554
EA086,9,0.7866635354832495
EA086,10,1.000116384006307
EA086,11,0.956216412132567
EA086,12,0.7588777252388816
EA087,1,1.102665718980279
EA087,2,1.0125103722256934
EA087,3,1.0105784102444362
EA087,4,1.0332937275785543
EA087,5,0.9361025386647019
EA087,6,1.0362044329055262
EA087,7,0.8871068158673576
EA087,8,0.8754420437645956
EA087,9,0.948378376429364
EA087,10,1.0663626481470718
EA087,11,1.2932660971274892
EA087,12,1.47644318622809
EA088,1,0.8151615467843749
EA088,2,0.7464323720337231
EA088,3,0.8045053266359274
EA088,4,0.7983224591914054
EA088,5,0.6412858062069771
EA088,6,0.5859014562020924
EA088,7,0.47248410113590544
EA088,8,0.49412884287935854
EA088,9,0.7227444051199351
EA088,10,0.7238601931066451
EA088,11,0.9915279898367864
EA088,12,0.7112476204813117
EA089,1,0.9033022194283872
EA089,2,0.7997683783227081
EA089,3,0.923659266625528
EA089,4,0.8088563637911486
EA089,5,0.6487854856100865
EA089,6,0.5745674938499276
EA089,7,0.4364739771286262
EA089,8,0.5381606199108269
EA089,9,0.6163182814689926
EA089,10,0.7768454299172546
EA089,11,1.072726806139728
EA089,12,0.7924184249482245
EA093,1,0.8125352901535324
EA093,2,0.7308393960143191
EA093,3,0.8010943411356993
EA093,4,0.7162613796555567
EA093,5,0.7167860345086337
EA093,6,0.7730475185836726
EA093,7,0.6203124675838645
EA093,8,0.6226248010941356
EA093,9,0.6878085189748372
EA093,10,0.7035067793102874
EA093,11,0.9180559700674699
EA093,12,0.7714724561648227
EA094,1,0.7643391653257064
EA094,2,0.6032718574295997
EA094,3,0.729905465414179
EA094,4,0.7200410213867495
EA094,5,0.7137479362407313
EA094,6,0.9294656446064993
EA094,7,0.8260389931401825
EA094,8,0.8977073057833036
EA094,9,0.8617382386548651
EA094,10,0.7388186712636913
EA094,11,0.7899798039107913
EA094,12,0.6365157929975462
EA095,1,0.7808613742237532
EA095,2,0.6467415757293178
EA095,3,0.7510111762790653
EA095,4,0.7620674661410421
EA095,5,0.7338685928362125
EA095,6,0.9084314657449252
EA095,7,0.849700548590936
EA095,8,0.8567910168617038
EA095,9,0.8658357140892435
EA095,10,0.8296476770330808
EA095,11,0.8554231817860387
EA095,12,0.6711846834694228
EA096,1,0.9162648808241162
EA096,2,0.730851641550492
EA096,3,0.8599207019012753
EA096,4,0.8174579959749091
EA096,5,0.7690716219041454
EA096,6,0.9318404810395051
EA096,7,0.8707432548356803
EA096,8,0.8534957855047253
EA096,9,0.9909935910399921
EA096,10,0.7963884683350902
EA096,11,0.9364278243008372
EA096,12,0.7725840929097524
EA097,1,1.0632387794185711
EA097,2,0.9498409371414607
EA097,3,0.9793572424881338
EA097,4,0.978968126957649
EA097,5,0.8983773430495732
EA097,6,1.0034564139892972
EA097,7,0.861320002787719
EA097,8,0.8367279373121637
EA097,9,0.9184623589052343
EA097,10,1.0191741176551499
EA097,11,1.228152597532619
EA097,12,1.3643907594572835
EA098,1,1.012352138887709
EA098,2,0.859978767154361
EA098,3,0.9830339673852901
EA098,4,0.9152646742486786
EA098,5,0.8370175217072067
EA098,6,0.9678754518529431
EA098,7,0.8568291432336229
EA098,8,0.7974627998535649
EA098,9,0.9024673755945163
EA098,10,0.9990616440601207
EA098,11,1.1673489177910623
EA098,12,1.0689287348505692
EA099,1,0.808370536228302
EA099,2,0.7013220483700798
EA099,3,0.7888777004238557
EA099,4,0.7129005275685895
EA099,5,0.7175447247947769
EA099,6,0.7911297056699331
EA099,7,0.6538387556958636
EA099,8,0.6592167518814323
EA099,9,0.7263523694627697
EA099,10,0.7055936875621681
EA099,11,0.9115757208481784
EA099,12,0.7693892880001606
EA101,1,0.7174436307047626
EA101,2,0.56776392708054
EA101,3,0.6996449189798674
EA101,4,0.632769979812464
EA101,5,0.545071045507439
EA101,6,0.6961409885105215
EA101,7,0.5354961999603972
EA101,8,0.6621267686176817
EA101,9,0.6829175904836793
EA101,10,0.6484674747535156
EA101,11,0.7915307811340837
EA101,12,0.6610826689737259
EA110,1,0.7400200206115082
EA110,2,0.5646633891305389
EA110,3,0.7112306097815729
EA110,4,0.6781050115413262
EA110,5,0.6983111635086813
EA110,6,0.8827445284241096
EA110,7,0.7822414835489114
EA110,8,0.8513990651844516
EA110,9,0.8279897369006185
EA110,10,0.6789119747909924
EA110,11,0.7654709690050843
EA110,12,0.6299329554010816
EA111,1,1.1988431745671793
EA111,2,1.049161694916933
EA111,3,1.0267811453513627
EA111,4,0.9914096023977279
EA111,5,0.9772869845284223
EA111,6,1.071691647320847
EA111,7,0.657579347199133
EA111,8,0.4080169726251792
EA111,9,0.7611583100748869
EA111,10,1.116596816618065
EA111,11,1.308086156382618
EA111,12,1.062503158053265
EA112,1,1.192551696674358
EA112,2,1.0385137102383744
EA112,3,0.9946784536093422
EA112,4,0.9955446268679853
EA112,5,1.0106333763879172
EA112,6,1.0965584716065486
EA112,7,0.6467715363389794
EA112,8,0.38643607801337304
EA112,9,0.6942388526050706
EA112,10,1.1245455712068295
EA112,11,1.2781608303784513
EA112,12,1.0680997850257996
EA113,1,0.7509786917199232
EA113,2,0.6065454358219406
EA113,3,0.7089899231472504
EA113,4,0.6820427804601685
EA113,5,0.5514701244029122
EA113,6,0.5879728883953333
EA113,7,0.45890533957493523
EA113,8,0.5815692656917346
EA113,9,0.6261648333914428
EA113,10,0.6495132842911939
EA113,11,0.9192061458837709
EA113,12,0.6662255393374191
EA115,1,0.7980769536198009
EA115,2,0.7200195378847873
EA115,3,0.8579529773811335
EA115,4,0.7282916996551367
EA115,5,0.5891178686104263
EA115,6,0.5020190514503763
EA115,7,0.35710728951129833
EA115,8,0.48181002791192906
EA115,9,0.49778391604913474
EA115,10,0.664595892947697
EA115,11,0.9303279863984618
EA115,12,0.7151304518796594
EA120,1,0.7896008814294908
EA120,2,0.6709064880719983
EA120,3,0.736980957828461
EA120,4,0.6414231126799796
EA120,5,0.6397950569853145
EA120,6,0.7526959375580421
EA120,7,0.5501515062228752
EA120,8,0.6626208211972047
EA120,9,0.6364650724561256
EA120,10,0.6656705048822391
EA120,11,0.809763377461815
EA120,12,0.6981601196525646
EA121,1,0.788852857605888
EA121,2,0.6757791735853181
EA121,3,0.7621925107446049
EA121,4,0.7249288365677319
EA121,5,0.634345104289706
EA121,6,0.698243240390863
EA121,7,0.5630199437817107
EA121,8,0.6732909940895888
EA121,9,0.6696258706052454
EA121,10,0.7228766405235367
EA121,11,0.9090810768104379
EA121,12,0.722371408399179
EA122,1,0.7762680862601912
EA122,2,0.7481367838106804
EA122,3,0.8474824616195301
EA122,4,0.693337773266188
EA122,5,0.6667021137023212
EA122,6,0.49356967661991785
EA122,7,0.3990229498700729
EA122,8,0.43970880888010233
EA122,9,0.5661452517977478
EA122,10,0.731261844182175
EA122,11,0.7485702789046269
EA122,12,0.7317623096676534
EA123,1,0.7644003550685585
EA123,2,0.7129515681282155
EA123,3,0.7785456941786388
EA123,4,0.7498036612343209
EA123,5,0.6735175374492545
EA123,6,0.632346759134193
EA123,7,0.5369411027847897
EA123,8,0.6149461748782556
EA123,9,0.6348640020518923
EA123,10,0.6554720968554081
EA123,11,0.832782489088863
EA123,12,0.6714202884046905
EA124,1,0.9397834853910579
EA124,2,0.8434140014354097
EA124,3,0.8544125925295214
EA124,4,0.9394265932052872
EA124,5,0.883242949360092
EA124,6,1.0306509423756363
EA124,7,1.02190085087002
EA124,8,1.160843465564524
EA124,9,0.8938316653196072
EA124,10,0.7870432250874105
EA124,11,0.9384936493565207
EA124,12,0.748012235860312
EA125,1,0.7532724338243666
EA125,2,0.7073932037680304
EA125,3,0.7837491438714581
EA125,4,0.7638000989610468
EA125,5,0.5815701544815102
EA125,6,0.5331260738732387
EA125,7,0.4344564423844794
EA125,8,0.4808058370132806
EA125,9,0.6677871426343674
EA125,10,0.6960886752027927
EA125,11,0.9691207462004826
EA125,12,0.7073123200041529
EA131,1,0.8698313412793898
EA131,2,0.878876816020111
EA131,3,0.8884108527444361
EA131,4,1.0358079661799948
EA131,5,0.9717828782323717
EA131,6,1.1992317092118836
EA131,7,1.312716067466973
EA131,8,1.366684866415468
EA131,9,0.9031078364620002
EA131,10,0.8365218722147953
EA131,11,0.9744832860797978
EA131,12,0.7293772579641236
EA132,1,0.836979126308704
EA132,2,0.8618372371193183
EA132,3,0.8759494850300796
EA132,4,1.019877931742669
EA132,5,0.9400407518276916
EA132,6,1.1400243243878503
EA132,7,1.2994053991935262
EA132,8,1.320272791864667
EA132,9,0.8711741783820023
EA132,10,0.8295011684692286
EA132,11,0.9687101170903489
EA132,12,0.71583408844972
EA134,1,0.8722182181906559
EA134,2,0.9267367570959106
EA134,3,0.9301701084739199
EA134,4,0.8272287789696203
EA134,5,0.7874860547795249
EA134,6,0.7713678719719426
EA134,7,0.561098393108798
EA134,8,0.6171580808694748
EA134,9,0.6894868100995284
EA134,10,0.7607798654557892
EA134,11,1.0160553023566414
EA134,12,0.9595386734751461
EA138,1,0.9299155935270433
EA138,2,0.8015053256337603
EA138,3,0.8709142068251423
EA138,4,0.8470407052805393
EA138,5,0.7409780196659057
EA138,6,0.7605901698491278
EA138,7,0.6327273314430885
EA138,8,0.7579732838322757
EA138,9,0.7849058463531619
EA138,10,0.8820074177079665
EA138,11,1.1758144229461478
EA138,12,0.9069295000123462
EA139,1,0.9298212015480383
EA139,2,0.8010339067920174
EA139,3,0.8703102390007518
EA139,4,0.8466629481503459
EA139,5,0.7405826153638673
EA139,6,0.7602742685206856
EA139,7,0.6324958970950992
EA139,8,0.7576235172716901
EA139,9,0.7842379355121958
EA139,10,0.8812546326255001
EA139,11,1.175423490124587
EA139,12,0.9066961922267675
EA140,1,0.7981058167200156
EA140,2,0.6412061943640329
EA140,3,0.7536912281651176
EA140,4,0.7298716901195806
EA140,5,0.6563401723536131
EA140,6,0.7675604595796135
EA140,7,0.635037978239466
EA140,8,0.7454624250094409
EA140,9,0.7597815869274779
EA140,10,0.7977732650469763
EA140,11,0.9679424210018943
EA140,12,0.772720990724836
EA141,1,0.7972359956683318
EA141,2,0.640478993173808
EA141,3,0.7530356080876688
EA141,4,0.729032341446757
EA141,5,0.6558529708257963
EA141,6,0.7674570477263679
EA141,7,0.6349042651470149
EA141,8,0.7453857278509977
EA141,9,0.7594431102801026
EA141,10,0.7965987445552475
EA141,11,0.9660523323188458
EA141,12,0.7715365398756052
