gauge_id,name,river,basin,lon,lat,utm_x,utm_y,live,series_opendata,series_export,first_obs,last_obs,n_days_calib,n_days_test,mean_q_m3s,sources_consistent,modelled
EA001b,Cardona (túnel),Cardener,El Llobregat,1.696075,41.920666,391877.0,4641790.0,True,EA001b_Cardona_Cabal riu Cardener_BDX,EA001b_Cardona_Cabal riu Cardener,2007-01-01,2026-09-28,5168,1087,2.8587,True,True
EA004,Sant Sadurní d'Anoia,Anoia,El Llobregat,1.788188,41.443497,398770.0,4588700.0,True,EA004_Sant Sadurni Anoia_Cabal riu Anoia_BDX,EA004_Sant Sadurni Anoia_Cabal riu Anoia,2007-01-01,2026-09-28,5087,1087,1.039,True,True
EA007,Vilabella,Gaia,El Gaià,1.337295,41.233967,360657.0,4566063.0,True,EA007_Vilabella_Cabal riu Gaia_BDX,EA007_Vilabella_Cabal riu Gaia,2007-01-01,2026-09-28,4871,1084,0.1946,True,True
EA008,Castellet i la Gornal,Foix,El Foix,1.633829,41.265611,385564.0,4569143.0,True,EA008_Castellet i la Gornal_Cabal riu Foix_BDX,EA008_Castellet i la Gornal_Cabal riu Foix,2007-01-01,2026-09-28,2578,1043,0.2842,True,True
EA009,Sant Gregori,Llemena,El Ter,2.725463,42.015521,477269.0,4651536.0,True,EA009_Sant Gregori_Cabal riu Llemena_BDX,EA009_Sant Gregori_Cabal riu Llemena,2007-02-16,2026-09-28,2583,1085,0.2156,True,True
EA010,Girona (Ter),Ter,El Ter,2.81916,41.990209,485021.0,4648705.0,True,EA010_Girona_Cabal riu Ter_BDX,EA010_Girona_Cabal riu Ter,2007-01-01,2026-09-28,5169,1086,8.7643,True,True
EA011,Jorba,Anoia,El Llobregat,1.554811,41.58723,379541.0,4604957.0,False,,EA011_Jorba_Cabal riu Anoia,2007-01-01,2011-03-24,872,0,0.1356,True,False
EA012,Boadella d'Empordà,Muga,La Muga,2.859691,42.334743,488441.0,4686953.0,True,EA012_Boadella Emporda_Cabal riu Muga_BDX,EA012_Boadella Emporda_Cabal riu Muga,2007-01-01,2026-09-28,5376,1081,1.2283,True,True
EA013,Olot,Fluvia,El Fluvià,2.510031,42.188665,459542.0,4670840.0,True,EA013_Olot_Cabal riu Fluvia_BDX,EA013_Olot_Cabal riu Fluvia,2007-01-01,2026-09-28,5200,1086,0.5897,True,True
EA014,Duesaigües,Riudecanyes,Riera De Riudecanyes,0.936718,41.142879,326845.0,4556670.0,True,EA014_Duesaigües_Cabal riera Riudecanyes_BDX,EA014_Duesaigües_Cabal riera Riudecanyes,2007-01-01,2026-09-28,4365,956,0.1846,True,True
EA015,Sant Celoni,Tordera,La Tordera,2.488976,41.680341,457467.0,4614412.0,True,EA015_Sant Celoni_Cabal riu Tordera_BDX,EA015_Sant Celoni_Cabal riu Tordera,2007-01-01,2026-09-28,4874,1086,0.4892,True,True
EA016,Esponellà,Fluvia,El Fluvià,2.798649,42.177583,483371.0,4669513.0,True,EA016_Esponella_Cabal riu Fluvia_BDX,EA016_Esponella_Cabal riu Fluvia,2007-01-01,2026-09-28,5326,1081,3.4481,True,True
EA019,Roda de Ter (Pont Vell),Ter,El Ter,2.308431,41.980181,442708.0,4647807.0,True,EA019_Roda Ter_Pont Vell_Cabal riu Ter_BDX,EA019_Roda Ter_Pont Vell_Cabal riu Ter,2020-07-31,2026-09-28,1146,1087,9.4886,True,False
EA020,Girona (Onyar),Onyar,El Ter,2.82455,41.975059,485464.0,4647022.0,True,EA020_Girona_Cabal riu Onyar_BDX,EA020_Girona_Cabal riu Onyar,2007-01-01,2026-09-28,4883,1087,0.8938,True,True
EA023,Castellbell i el Vilar,Llobregat,El Llobregat,1.858397,41.646562,404933.0,4611165.0,True,EA023_Castellbell i el Vilar_Cabal riu Llobregat_BDX,EA023_Castellbell i el Vilar_Cabal riu Llobregat,2007-01-01,2026-09-28,5402,1087,11.0242,True,True
EA026,Montseny (la Llavina),Tordera,La Tordera,2.397458,41.75263,449906.0,4622487.0,True,EA026_Montseny_Cabal riu Tordera_BDX,EA026_Montseny_Cabal riu Tordera,2007-01-01,2026-09-28,3442,1013,0.4908,True,True
EA027,Vilanova de Sau (riera Major),Major,El Ter,2.422524,41.964338,452148.0,4645978.0,True,EA027_Vilanova Sau_Cabal riera Major_BDX,EA027_Vilanova Sau_Cabal riera Major,2008-11-20,2026-09-28,3421,1083,0.2899,True,True
EA028,Montblanc,Francoli,El Francolí,1.179845,41.364783,347766.0,4580851.0,True,EA028_Montblanc_Cabal riu Francoli_BDX,EA028_Montblanc_Cabal riu Francoli,2007-01-01,2026-09-28,4884,975,0.2637,True,True
EA033,Ripoll,Ter (riu + CH),El Ter,2.19423,42.172192,433448.0,4669209.0,False,,EA033_C4033_Ripoll_Cabal total Ter (riu + CH),2007-01-01,2024-10-20,5478,385,9.1093,True,True
EA035,Montornès del Vallès (el Mogent),Mogent,El Besòs,2.265267,41.546723,438721.0,4599712.0,True,EA035_Montornes Valles_Cabal riu Mogent_BDX,EA035_Montornes Valles_Cabal riu Mogent,2007-01-01,2026-09-28,4596,1081,0.4108,True,True
EA037,La Garriga,Congost,El Besòs,2.284059,41.697144,440427.0,4616399.0,True,EA037_La Garriga_Cabal riu Congost_BDX,EA037_La Garriga_Cabal riu_Congost,2007-01-01,2026-09-28,5410,1086,0.3189,True,True
EA039,Sant Quintí de Mediona,Mediona,El Llobregat,1.6641,41.458697,388430.0,4590540.0,True,EA039_Sant Quinti Mediona_Cabal riu Mediona_BDX,EA039_Sant Quinti Mediona_Cabal riu Mediona,2007-01-01,2026-09-28,5060,1083,0.063,True,True
EA040,Serinyà,Ser,El Fluvià,2.730573,42.169599,477746.0,4668642.0,False,,EA040_Serinya_Cabal riu Ser,2019-03-11,2024-06-01,1665,245,0.4779,True,False
EA041,Cornudella de Montsant (assut transvassament),Siurana,L'Ebre,0.889322,41.235235,323116.0,4567019.0,False,,EA041_Cornudella Montsant_Cabal riu Siurana,2010-04-12,2024-10-13,2762,378,0.0711,True,True
EA044,Montcada i Reixac (el Ripoll),Ripoll,El Besòs,2.18632,41.487815,432075.0,4593231.0,True,EA044_Montcada i Reixac_Cabal riu Ripoll,,2024-10-21,2026-09-28,0,700,0.3903,True,False
EA045,Santa Perpètua de Mogoda,Riera de Caldes,El Besòs,2.197702,41.522573,433061.0,4597081.0,False,,EA045_Santa Perpetua de Mogoda_Cabal riu_Riera de Caldes,2007-01-01,2011-05-20,940,0,0.0922,True,False
EA046,Lliçà de Vall,Tenes,El Besòs,2.24562,41.586525,437121.0,4604145.0,True,EA046_Llica Vall_Cabal riu Tenes_BDX,EA046_Lliça de Vall_Cabal riu_Tenes,2007-01-01,2026-09-28,1471,1079,0.2263,True,False
EA047,Santa Coloma de Gramenet,Besos,El Besòs,2.200345,41.450938,433208.0,4589126.0,True,EA047_Santa Coloma Gramenet_Cabal riu Besos_BDX,EA047_Santa Coloma Gramenet_Cabal riu Besos,2007-01-01,2026-09-28,5336,1087,3.7527,True,True
EA049,Sant Joan Despí,Llobregat,El Llobregat,2.0466,41.351811,420245.0,4578251.0,True,EA049_Sant Joan Despi_Cabal riu Llobregat_BDX,EA049_Sant Joan Despi_Cabal riu Llobregat,2007-01-01,2026-09-28,5472,1083,11.9917,True,True
EA050,Sant Llorenç de la Muga,Muga,La Muga,2.781909,42.316501,482028.0,4684941.0,True,EA050_Sant Llorenc Muga_Cabal riu Muga_BDX,EA050_Sant Llorenc Muga_Cabal riu Muga,2008-02-27,2026-09-28,3952,1084,0.8424,True,True
EA051,Maçanet de Cabrenys,Arnera,La Muga,2.789149,42.372326,482640.0,4691138.0,True,EA051_Macanet Cabrenys_Cabal riu Arnera_BDX,EA051_Macanet Cabrenys_Cabal riu Arnera,2007-09-25,2026-09-28,4084,1069,0.5948,True,True
EA052,Qualitat - Castelló d'Empúries,Muga,La Muga,3.071999,42.254381,505939.0,4678023.0,True,EA052_Castello Empuries_Cabal riu Muga_BDX,EA052_Castello Empuries_Cabal riu Muga,2007-01-01,2026-09-28,5028,1086,2.3692,True,True
EA053,Garrigàs,Fluvia,El Fluvià,2.954792,42.153578,496265.0,4666829.0,False,,EA053_Garrigas_Cabal total Fluvia,2007-01-01,2011-03-31,908,0,1.4962,True,False
EA056,Sant Feliu de Buixalleu (riera d'Arbúcies),d'Arbucies,La Tordera,2.598931,41.760265,466660.0,4623237.0,False,,EA056_Sant Feliu de Buixalleu_Cabal riera d'Arbucies,2007-01-01,2022-01-04,762,0,0.5202,True,False
EA058,la Riba (el Brugent),Brugent,El Francolí,1.179009,41.319743,347591.0,4575852.0,False,,EA058_La Riba_Cabal riu Brugent,2009-08-17,2010-10-14,163,0,0.692,True,False
EA060,la Cellera de Ter (Pasteral I),Ter,El Ter,2.603219,41.985433,467132.0,4648235.0,True,EA060_Cellera Ter_Pasteral_Cabal riu Ter_BDX,EA060_Cellera Ter_Pasteral_Cabal riu Ter,2007-01-01,2026-09-28,5218,1087,8.9926,True,True
EA061,Cornellà del Terri,Terri,El Ter,2.798988,42.100849,483379.0,4660993.0,True,EA061_Cornella Terri_Cabal riu Terri_BDX,EA061_Cornella Terri_Cabal riu Terri,2008-10-08,2026-09-28,2571,996,0.3049,True,True
EA063,Navès (Aigua d'Ora),Aiguadora,El Llobregat,1.652422,42.007056,388408.0,4651438.0,True,EA063_Naves_Cabal riera Aiguadora_BDX,EA063_Naves_Cabal riera Aiguadora,2007-01-01,2026-09-28,3137,970,0.4289,True,True
EA064,Santa Cristina d'Aro,Ridaura,Rieres Del Cap De Begur-Blanes,2.994378,41.811872,499533.0,4628889.0,True,EA064_Santa Cristina Aro_Cabal riu Ridaura_BDX,EA064_Santa Cristina Aro_Cabal riu Ridaura,2007-01-04,2026-09-28,5156,1081,0.0889,True,True
EA065,la Pobla de Claramunt,Carme,El Llobregat,1.662625,41.541509,388449.0,4599736.0,True,EA065_Pobla Claramunt_Cabal riera Carme_BDX,EA065_Pobla Claramunt_Cabal riera Carme,2009-02-01,2026-09-28,4233,980,0.1883,True,True
EA066,Berga,Llobregat + CIB,El Llobregat,1.878476,42.084908,407241.0,4659812.0,True,EA066_C4066_Berga_Cabal total Llobregat + CIB_BDX,EA066_C4066_Berga_Cabal total Llobregat + CIB,2010-06-28,2026-09-28,3432,1087,6.2285,True,True
EA067,Balsareny,Llobregat,El Llobregat,1.880218,41.859536,407058.0,4634787.0,True,EA067_Balsareny_Cabal riu Llobregat_BDX,EA067_Balsareny_Cabal riu_Llobregat,2007-01-01,2026-09-28,5381,1087,6.1088,True,True
EA068,Súria,Cardener,El Llobregat,1.762734,41.813513,397233.0,4629811.0,True,EA068_Suria_Cabal riu Cardener_BDX,EA068_Suria_Cabal riu Cardener,2007-01-01,2026-09-28,4826,807,3.0069,True,True
EA072,Sant Joan de les Abadesses,Ter (riu + CH),El Ter,2.23985,42.220669,437264.0,4674557.0,True,EA072_C4072_St Joan Abadesses_Cabal total Ter (riu + CH)_BDX,EA072_C4072_St Joan Abadesses_Cabal total Ter (riu + CH),2007-01-02,2026-09-28,5467,1078,4.3323,True,True
EA074,Qualitat - Martorell (Anoia),Anoia,El Llobregat,1.929287,41.477702,410604.0,4592342.0,True,EA074_Martorell_Cabal riu Anoia_BDX,EA074_Martorell_Cabal riu Anoia,2011-01-26,2026-09-28,4097,701,1.1842,True,True
EA075,Castellar del Vallès,Ripoll,El Besòs,2.081259,41.608469,423447.0,4606714.0,False,,EA075_Castellar Valles_Cabal riu Ripoll,2007-05-11,2011-03-21,883,0,0.3031,True,False
EA076,el Papiol (riera de Rubí),Rubi,El Llobregat,1.995677,41.448856,416110.0,4589073.0,True,EA076_Papiol_Cabal riera Rubi_BDX,EA076_Papiol_Cabal riera Rubi,2007-01-01,2026-09-28,1920,1084,0.9753,True,True
EA077,Sallent,Gavarresa,El Llobregat,1.917165,41.787629,410024.0,4626764.0,True,EA077_Artes_Cabal riera Gavarresa_BDX,EA077_Artes_Cabal riera Gavarresa,2007-01-01,2026-09-28,3969,1087,0.7091,True,True
EA078,Guardiola de Berguedà,Llobregat,El Llobregat,1.869706,42.214386,406706.0,4674198.0,True,EA078_Guardiola Bergueda_Cabal riu Llobregat_BDX,EA078_Guardiola Bergueda_Cabal riu Llobregat,2007-01-01,2026-09-28,4997,1087,3.148,True,True
EA079,Tarragona,Francoli,El Francolí,1.236276,41.148785,351999.0,4556773.0,True,EA079_Tarragona_Cabal riu Francoli_BDX,EA079_Tarragona_Cabal riu Francoli,2007-01-01,2026-09-28,4561,1058,0.678,True,True
EA080,Qualitat - Torroella de Montgrí,Ter,El Ter,3.125381,42.035163,510378.0,4653688.0,True,EA080_Torroella Montgri_Cabal riu Ter_BDX,EA080_Torroella Montgri_Cabal riu Ter,2007-01-01,2026-09-28,5347,1087,11.0797,True,True
EA081,Fogars de la Selva (Pont Eiffel),Santa Coloma,La Tordera,2.669321,41.74533,472505.0,4621554.0,True,EA081_Fogars Selva_Cabal riera Santa Coloma_BDX,EA081_Fogars Selva_Cabal riera Santa Coloma,2007-01-01,2026-09-21,4313,972,1.1083,True,True
EA082,Santa Llogaia d'Àlguema,Manol,La Muga,2.969058,42.237783,497447.0,4676178.0,True,EA082_Santa Llogaia Alguema_Cabal riu Manol_BDX,EA082_Santa Llogaia Alguema_Cabal riu Manol,2007-01-01,2026-09-28,4695,1086,0.3728,True,True
EA084,Abrera,Llobregat,El Llobregat,1.91731,41.510746,409650.0,4596023.0,False,,EA084_Abrera_Cabal riu Llobregat,2007-01-01,2022-03-26,1013,0,8.77,True,False
EA085,les Masies de Roda (Ter),Ter,El Ter,2.289518,41.984361,441145.0,4648284.0,True,EA085_C4085_Masies Roda_Cabal total riu Ter_BDX,EA085_C4085_Masies Roda_Cabal total riu Ter,2007-04-01,2026-09-28,3488,1087,12.5111,True,True
EA086,Castellar de n'Hug (Clot del Moro),Llobregat,El Llobregat,1.977478,42.259779,415662.0,4679126.0,True,EA086_Castellar nHug_Cabal riu Llobregat_BDX,EA086_Castellar nHug_Cabal riu Llobregat,2007-01-01,2026-09-28,4024,1081,0.9713,True,True
EA087,la Coma i la Pedra,Cardener,El Llobregat,1.580716,42.182192,382793.0,4670980.0,False,,EA087_Coma i Pedra_Cabal riu Cardener,2007-01-01,2023-12-05,748,1,0.3367,True,False
EA088,Peralada,Llobregat Emporda,La Muga,3.00876,42.304199,500722.0,4683552.0,True,EA088_Peralada_Cabal riu Llobregat Emporda_BDX,EA088_Peralada_Cabal riu Llobregat Emporda,2007-01-24,2026-09-28,4683,1086,1.1406,False,False
EA089,Qualitat - Fogars de la Selva (Can Simó),Tordera,La Tordera,2.693886,41.738958,474545.0,4620839.0,True,EA089_Fogars Selva_Cabal riu Tordera_BDX,EA089_Fogars Tordera_Cabal riu Tordera,2007-01-01,2026-09-28,4950,1058,2.6404,True,True
EA093,Sant Vicenç dels Horts (riu - canal de la Dreta),Llobregat,El Llobregat,2.022139,41.388788,418245.0,4582379.0,True,EA093_Sant Vicenc Horts_Cabal riu Llobregat_BDX,EA093_Sant Vicenc Horts_Cabal riu Llobregat,2007-02-17,2026-09-28,5421,1087,11.2311,True,True
EA094,Vilada (Merdançol),Merdancol,El Llobregat,1.941234,42.129491,412493.0,4664696.0,True,EA094_Vilada_Cabal riera Merdancol_BDX,EA094_Vilada_Cabal riera Merdancol,2009-02-01,2026-09-28,2970,1075,0.2018,True,True
EA095,Vilada (Riera Vilada),Vilada,El Llobregat,1.939352,42.140776,412353.0,4665951.0,True,EA095_Vilada_Cabal riera Vilada_BDX,EA095_Vilada_Cabal riera Vilada,2008-10-29,2026-09-28,3637,942,0.1733,True,True
EA096,Cercs (riera Peguera),Peguera,El Llobregat,1.860798,42.14576,405869.0,4666588.0,False,,EA096_Cercs_Cabal riera Peguera,2009-02-01,2024-10-20,2156,380,0.1344,True,True
EA097,Guixers (Monegal),Cardener,El Llobregat,1.599623,42.140276,384278.0,4666300.0,True,EA097_C4097_Guixers_Cabal total riu Cardener_BDX,EA097_C4097_Guixers_Cabal total riu Cardener,2019-01-01,2026-09-28,1734,998,0.7082,True,False
EA098,Guixers (Aigua de Valls),Aigua de Valls,El Llobregat,1.673106,42.135943,390343.0,4665722.0,True,EA098_Guixers_Cabal riu Aigua de Valls_BDX,EA098_Guixers_Cabal riu Aigua de Valls,2008-02-15,2026-09-28,4269,1076,0.9924,True,True
EA099,Castellbisbal (Assut de Salzers),Llobregat,El Llobregat,1.93309,41.484601,410931.0,4593104.0,True,EA099_Castellbisbal_Cabal riu Llobregat_BDX,EA099_Castellbisbal_Cabal riu Llobregat,2007-08-22,2026-09-28,3274,1084,10.0199,True,True
EA101,Torelló (Ges),Ges,El Ter,2.264612,42.049547,439144.0,4655539.0,True,EA101_Torello_Cabal riu Ges_BDX,EA101_Torello_Cabal riu Ges,2008-01-11,2026-09-28,2947,1020,0.8498,True,True
EA110,Puig-reig,Merles,El Llobregat,1.885336,41.935935,407593.0,4643264.0,True,EA110_Puigreig_Cabal riera Merles_BDX,EA110_Puigreig_Cabal riera Merles,2008-10-11,2026-09-28,4776,901,0.5584,True,True
EA111,Cornudella de Montsant (Toll del Forn),Siurana,L'Ebre,0.93627,41.253551,327099.0,4568958.0,True,EA111_Cornudella Montsant_Cabal riu Siurana_BDX,EA111_Cornudella Montsant_Cabal riu Siurana,2008-01-08,2026-09-28,3752,1016,0.1106,True,True
EA112,Cornudella de Montsant (Barranc de l'Argentera),Barranc Argentera,L'Ebre,0.922459,41.274316,325997.0,4571291.0,True,EA112_Cornudella Montsant_Cabal riu Barranc Argentera_BDX,EA112_Cornudella Montsant_Cabal riu Barranc Argentera,2007-09-23,2026-09-28,3277,966,0.0497,True,True
EA113,Tortellà,Llierca,El Fluvià,2.604416,42.247669,467366.0,4677351.0,True,EA113_Tortella_Cabal riu Llierca_BDX,EA113_Tortella_Cabal riu Llierca,2008-11-27,2026-09-28,2492,1071,0.8918,False,False
EA115,Anglès,Osor,El Ter,2.630485,41.961161,469379.0,4645530.0,True,EA115_Angles_Cabal riera Osor_BDX,EA115_Angles_Cabal riera Osor,2010-04-16,2026-09-28,4492,1087,0.7611,True,True
EA120,les Masies de Roda (Gurri),Gurri,El Ter,2.289947,41.983734,441180.0,4648214.0,False,,EA120_Masies Roda_Cabal riu Gurri,2007-01-01,2024-10-20,4031,385,0.9663,True,True
EA121,Colomers (riu i canal de Sentmenat),Ter,El Ter,2.991163,42.07686,499269.0,4658310.0,True,EA121_Colomers_Cabal riu Ter_BDX,EA121_Colomers_Cabal riu Ter,2007-01-01,2026-09-28,4694,1076,18.5663,True,True
EA122,Arenys de Munt,Arenys,Rieres Del Maresme,2.542641,41.592783,461882.0,4604666.0,True,EA122_Arenys Munt_Cabal riera Arenys_BDX,,2024-10-26,2026-09-17,0,174,0.0248,True,False
EA123,Campllong,Gotarra,El Ter,2.818842,41.89798,484973.0,4638465.0,True,EA123_Campllong_Cabal riera Gotarra_BDX,EA123_Campllong_Cabal riera Gotarra,2007-01-01,2026-09-28,5289,1086,1.7634,True,True
EA124,Riudellots de la Selva,Onyar,El Ter,2.816478,41.898318,484777.0,4638503.0,False,,EA124_Riudellots Selva_Cabal riu Onyar,2007-01-01,2024-10-20,5154,385,0.3474,True,True
EA125,Qualitat - Pont de Molins,Muga,La Muga,2.917968,42.315518,493240.0,4684812.0,True,EA125_Pont Molins_Cabal riu Muga_BDX,EA125_Pont Molins_Cabal riu Muga,2007-01-01,2026-09-28,5340,1087,1.7632,True,True
EA131,la Bisbal d'Empordà (Daró),Daro,El Daró,3.038219,41.964586,503167.0,4645845.0,True,EA131_Bisbal Emporda_Cabal riu Daro_BDX,EA131_Bisbal Emporda_Cabal riu Daro,2007-01-01,2026-09-28,4490,747,1.5553,True,True
EA132,Serra de Daró (riu Daró),Daro,El Daró,3.07139,42.025005,505910.0,4652555.0,True,EA132_Serra Daro_Cabal riu Daro_BDX,EA132_Serra Daro_Cabal riu Daro,2007-01-01,2026-09-28,4208,1079,0.8498,True,True
EA134,Terrassa (riera de les Arenes),de les Arenes,El Llobregat,2.033961,41.532826,419412.0,4598359.0,False,,EA134_Terrassa_Cabal riera de les Arenes,2007-01-01,2011-03-28,900,0,0.0449,True,False
EA138,Camprodon (aigua avall CH Matabosc),Ter,El Ter,2.362245,42.291123,447424.0,4682297.0,False,,EA138_Camprodon (aigua avall CH Matabosc)_Cabal riu Ter,2019-06-18,2024-10-20,1356,322,2.7547,True,False
EA139,Camprodon  (Creixenturri),Ter,El Ter,2.367672,42.287001,447868.0,4681836.0,False,,EA139_Camprodon (Creixenturri)_Cabal riu Ter,2019-06-13,2024-10-20,1371,274,1.2773,True,False
EA140,Torelló  (Colònia Lacambra),Ter,El Ter,2.24135,42.035328,437205.0,4653977.0,False,,EA140_Torello (Colonia Lacambra)_Cabal riu Ter,2019-06-19,2023-06-02,664,0,5.4141,True,False
EA141,Les Masies de Voltregà,Ter,El Ter,2.253999,42.023,438240.0,4652599.0,False,,EA141_Les Masies de Voltrega_Cabal riu Ter,2019-06-19,2024-01-28,1365,120,2.6091,True,False
