gauge_id,X1,X2,X3,X4,CTG,Kf,snow_calibrated,intermittent,zero_days_per_year_obs_cal,q0_m3s,zero_frac_obs_test,zero_frac_sim_test,n_evals,seconds,cal_n_days,cal_NSE,cal_KGE,cal_r,cal_alpha,cal_beta,cal_PBIAS,cal_logNSE,cal_peak_err_pct,test_n_days,test_NSE,test_KGE,test_r,test_alpha,test_beta,test_PBIAS,test_logNSE,test_peak_err_pct
EA001b,817.6145512660046,-3.1582438910751085,152.0516689103735,1.158331181308458,0.9999276943166935,0.2077198277321311,True,False,0.0,0.001,0.0,0.0,14583,173.9,5168,0.41133139109391237,0.7054279429450312,0.7073995242882204,1.0031864530750356,0.9661251578950296,-3.387484210497033,-0.5204854410274631,-23.05131098352737,1081,-1.0740964545317908,0.10584264880724403,0.43032509713781397,1.3762186493430069,1.5774490467803441,57.744904678034416,-0.584364774059005,-49.55546814839191
EA004,1356.132698047622,-1.6530022435699,22.94693283638849,1.0876141106316268,0.25,3.74,False,False,0.0,0.001,0.0,0.0,8207,108.1,5087,0.37153661443341857,0.663859647991081,0.6686690603935634,0.9435710036198537,1.005090488751124,0.5090488751124113,-0.01496866729497004,-31.01489073607739,1081,0.10716617956356633,0.5490315280748802,0.6437753701834105,1.17895885363341,1.2108324085351374,21.08324085351376,0.28116128562079334,-19.73097410177989
EA007,338.32913102816656,-6.561287472224399,22.02155622708314,1.4843299349228207,0.25,3.74,False,True,27.0,0.004480969440953025,0.6595547309833024,0.16419294990723562,6548,97.7,4871,-0.1410900782320188,0.3793379184064274,0.38519071173552794,0.923148179976613,1.036397202514657,3.6397202514657057,0.32459184080438075,-10.13063944205495,1078,-2.1908171975768425,-0.5923588164725246,0.5254685958872314,2.0533432640216747,2.0958533273429927,109.58533273429926,-0.11554126701169087,-3.801174124656021
EA008,1087.8229485763359,-1.2786756765062934,10.805538354290883,0.5005074229419748,0.25,3.74,False,False,0.0,0.001,0.0,0.0,8207,107.6,2578,0.06638341295128403,0.46141322111817695,0.47630827641245194,0.876849931318698,1.0256272826493875,2.5627282649387437,-0.1870474326839633,-42.31782133760139,1037,-0.043966647342061904,-0.07398518845936164,0.13008875884547821,0.37651166875285624,1.0892239785133018,8.922397851330189,-0.6175046693111224,-66.86687306331795
EA009,652.5450298429193,-10.0,14.947310842184487,1.3030253811764567,0.25,3.74,False,True,7.1,0.00539928986112183,0.0,0.05931417979610751,7700,103.6,2583,0.6838126261575146,0.817028089294495,0.8344230841407686,0.9454529154605101,1.055566362216813,5.5566362216812974,0.0010552934392614732,-20.799801056121705,1079,0.22283480316268445,0.5340645406178675,0.7423475515622596,1.3102286675458987,1.2333864648097073,23.338646480970716,-0.5414330831662428,10.81157856233455
EA010,295.54649573045714,-8.585006900564577,64.23127560118819,1.787699608519592,0.41222797609031414,0.0,True,False,0.0,0.001,0.0,0.0,12970,160.5,5169,0.504252159459454,0.7240364542193842,0.7352985827317876,0.9258122824333074,1.024191338496543,2.4191338496543158,-0.47707642853220955,-36.27969563300215,1080,-0.32880867914278844,0.3216465023936581,0.4455291878874933,1.1524322663686304,1.3598471764510283,35.98471764510282,-0.8885560865684097,-55.33592875957516
EA012,651.8193595307577,-4.879622700816111,121.01157741644845,1.6340559397332375,0.9892609446609597,0.023212256939530235,True,False,0.0,0.001,0.0027906976744186047,0.0,9528,121.3,5376,-0.3270761493996548,0.28339741717130984,0.28778914746074713,0.9277068789638816,1.0323831421100138,3.2383142110013874,-0.6404479384674486,-37.43916561616033,1075,0.15520107444147035,0.4341766510928913,0.5242186664418901,0.8511817972264251,1.2676589758057168,26.76589758057168,-0.6131940694260474,-52.38007985722255
EA013,294.463313137507,-10.0,24.250486654791203,1.2334148042102517,0.8635387770274202,10.0,True,False,0.0,0.001,0.001851851851851852,0.0,13717,171.7,5200,0.6147288491928481,0.7900132191849171,0.7982785916280589,0.9481648179157062,1.0267588381625656,2.6758838162565763,-0.11471544426099411,-24.435589938383846,1080,0.5915512977840618,0.6947786647481039,0.775740653986514,0.8687500820513749,1.1601289113715356,16.012891137153566,-0.17974056146570883,-25.940349115098975
EA014,22.224717220332735,1.2703735210891967,32.95966583500028,2.2016263928302404,0.25,3.74,False,True,5.9,0.019947820766831156,0.01368421052631579,0.005263157894736842,5524,86.2,4365,-0.4113757395667239,0.26170717587749615,0.2670050709265478,0.9610466250399813,0.9207701906943395,-7.922980930566047,-0.10730328556883206,-66.17795547479633,950,0.5036960934975642,0.5920006299225298,0.725152103965828,0.851595402911165,1.262484657822323,26.248465782232294,-0.2948786463511903,-39.45875506537637
EA015,198.14117973672938,-4.35050204953965,21.07526476019123,1.2159621770549263,0.8483609848907997,4.066737693010246,True,True,8.1,0.004114081820845442,0.012962962962962963,0.03888888888888889,10133,136.4,4874,0.5236373808864743,0.6407822601142106,0.7252852871983072,0.7734075136476991,1.047170502940084,4.717050294008378,0.3645700996757961,-26.919901107844776,1080,0.5779530293840642,0.6968871583368543,0.7652013944381052,0.8427803695474669,0.8903232139071086,-10.967678609289141,0.28411945329625143,-27.15927746209819
EA016,332.80469892013394,-10.0,22.900034984732745,1.3756148018727294,0.9670733631328131,9.191222358707071,True,False,0.0,0.001,0.0,0.0,11744,148.8,5326,0.7064077891591155,0.7942641712489913,0.8415650924094643,0.8823486207937358,1.058170132022427,5.817013202242715,-0.9032130217626713,-21.959061419047764,1075,0.50453584635401,0.7424411255521797,0.7723860717353906,1.0745125959632316,1.094743582946823,9.474358294682306,-1.1257545444072807,-8.326213803401687
EA020,168.23807397799953,-3.780564294304578,17.728032894190353,1.3137959022071948,0.25,3.74,False,False,0.8,0.001,0.0,0.0,6292,94.1,4883,0.4151685377671339,0.5192732962022131,0.6453657010188463,0.681075076694446,1.0601628708172848,6.016287081728482,-0.14523480940879696,-33.312210919065265,1081,0.5646001957730924,0.5236373745608239,0.7659971362809092,0.6183526005320403,1.1628166857724138,16.281668577241383,-0.18087903600170874,-12.154905953825084
EA023,1125.2650200939556,-2.5666361436557907,41.67838778652742,1.2740818533209604,0.7682700637697933,10.0,True,False,0.0,0.001,0.0,0.0,12828,156.7,5402,0.6449160122169022,0.8025586606929271,0.8128054224306256,0.9379727861050488,1.0096900635923665,0.9690063592366543,-0.06475463332541787,-25.41279227556812,1081,-0.11548000115154511,0.3621983239349399,0.7327523271180588,1.4434586906331421,1.3724433500984088,37.24433500984089,-0.06392289298095233,-21.243387523361697
EA026,73.20430249220703,-0.43255316508892305,22.661454930071002,1.4749208889482495,0.9954427595324664,0.23514404182070195,True,False,0.2,0.001,0.0,0.0,8574,113.3,3442,0.35701400998907085,0.4738140894996833,0.6003001398226993,0.658064308688909,1.0138425861348144,1.3842586134814294,0.048231576143413,-63.52487661350724,1007,0.39983690923550885,0.5789858600516612,0.6536684541559533,0.8124298401560528,1.1487440806413098,14.874408064130982,-0.060711422762337985,-42.19660991229831
EA027,301.66150628015447,-10.0,10.000000000000002,1.3389395639477326,0.6463747343319782,0.0,True,False,0.0,0.001,0.0,0.06220984215413185,16268,157.3,3421,0.3663728751280888,0.27471465985178734,0.7013314250586572,0.3471217237271977,1.1028876248509538,10.288762485095383,-1.4166674009259332,-45.9768621626655,1077,0.36499316168503393,0.19702306261537406,0.6647417509414584,0.39920755069815883,0.5859682363976297,-41.40317636023702,-0.5560982061352058,-74.67612270549758
EA028,454.9236622084342,-1.951103423487941,25.706004442453576,1.0210893873947724,0.25,3.74,False,False,0.0,0.001,0.0,0.0,8719,86.5,4884,0.4200932215578247,0.6902131700483213,0.6954731983317307,0.9474375834310815,1.021644847923707,2.1644847923707013,0.41791889325915255,-38.0618466004267,969,0.34046090833375664,0.556055072556989,0.6117976752262505,0.7945895108811809,1.0647501706762539,6.475017067625392,0.5925964100278605,-56.78600046422648
EA033,260.99620059980407,-0.08649601334272677,43.20709671574509,1.1255378755186645,0.003129908634929013,6.154450085525789,True,False,0.0,0.001,0.0,0.0,7964,80.8,5478,0.6036792604844619,0.7609990122470276,0.7851224360408594,0.8972491078694046,1.0197827910126116,1.9782791012611565,0.5377303486724385,-34.69524194428917,385,-1.6114662869359528,-0.27906959541689025,0.7587068946873452,2.2075568692815084,1.3458367746488873,34.583677464888716,0.5298640741872265,72.54276091217105
EA035,454.402767742882,-3.618283761585307,26.42228947088806,1.206153111174173,0.5135056463809307,0.00045639534195466235,True,False,0.3,0.001,0.0,0.0,13289,132.0,4596,0.6771596246794211,0.8008149939082199,0.8264853418053332,0.9032870855291851,1.0146267637545447,1.4626763754544734,0.36515938280431315,-11.4235494006397,1075,0.4978983501984692,0.7560130633077349,0.7593218582226452,1.039798388103317,0.9955563920680752,-0.44436079319247823,0.32542383733580016,-23.821407946920353
EA037,241.27919008987055,-5.914143835401641,20.437523663121105,1.1744175749337737,0.9922803313408247,0.19652545309590608,True,False,0.0,0.001,0.0,0.0,12444,125.2,5410,0.5955287335756357,0.6991340477386192,0.7726065908203019,0.8088175870475869,1.0475588442823713,4.755884428237124,0.25247045476772023,-10.43172953292831,1080,0.5168375559201526,0.6795566978803964,0.756350815592253,0.9833966817885721,1.2074688281046706,20.746882810467053,0.1520824968232688,-25.013498295918843
EA039,1274.6400965924133,-2.756814602275009,14.758337079410802,0.9710720623408408,0.25,3.74,False,False,0.0,0.001,0.0,0.0,6608,66.8,5060,-0.15105994064614903,0.3729582417242816,0.3781135800872117,0.9203471823928017,1.0096992781583987,0.9699278158398597,-0.5159277126450983,-27.087286712077137,1077,-0.7857110157194884,-0.5205437124835219,0.4999307715301664,1.434556148308472,2.3686288402185824,136.86288402185826,-1.7685339794668096,4.608187655048417
EA041,170.35619069893107,-2.440926411633006,16.145457718783735,2.9999999949121974,0.25,3.74,False,False,0.0,0.001,0.0,0.1693121693121693,9366,92.7,2762,0.43654116827766887,0.4978613982080884,0.6612872680386934,0.6343031500340781,1.0606850438069058,6.068504380690598,-3.5059582158933225,-57.285651489483605,378,-11.984213572440376,-0.2565632381065257,0.10989260714206575,0.8241343934825193,0.13067193247621015,-86.932806752379,-89.07315365656652,-92.29707659668455
EA047,1283.020436073942,-0.1404209196303043,19.329136857244727,1.0792000497918597,0.9585036227880025,4.149636701021293,True,False,0.0,0.001,0.0,0.0,9251,93.4,5336,0.49958078122806693,0.7196876261174424,0.731456347241493,0.9197157863541119,1.003711947474649,0.3711947474648836,0.10306703616584201,-28.175598746736213,1081,0.555721616054297,0.7253001183404987,0.7586089286513528,0.8887532109780755,0.9306132030627747,-6.938679693722534,0.3316232425815506,-41.34878524634746
EA049,418.18436946630305,-2.401974258701065,27.877419717942292,1.4313014012684593,0.9932061611554889,0.02607394264840621,True,False,0.0,0.001,0.0,0.0,14527,138.9,5472,0.6062682313546133,0.7712447328533449,0.7886410038818714,0.9137224226615296,1.0145782939975396,1.4578293997539749,-0.20558635711648776,-19.568244332683598,1077,-0.6133583135366891,0.14202967018286872,0.6521951377280907,1.6233553118108428,1.4759968695944776,47.59968695944773,-0.18309486214876158,-37.90294323118341
EA050,56.13373784755042,-2.2662949281799154,23.88364007877338,1.5962119958710965,0.5571401805619326,0.0,True,True,1.2,0.010956114188967626,0.0,0.022263450834879406,10261,99.7,3952,0.497227045099884,0.5914009402309894,0.7052965233033271,0.7187916120963075,1.03201398193945,3.201398193945001,-0.4695618448622374,-44.391604431250414,1078,0.5277748468125378,0.6591418489426843,0.7396042523098297,0.8722212090228515,1.1790276914432714,17.90276914432713,-0.40477957480373417,-28.30937253508648
EA051,32.64254686752117,-0.9516242553271314,10.000642628511072,1.9999897811949732,0.9998099432258939,0.05609992004060759,True,False,0.0,0.001,0.0,0.0,13548,127.8,4084,-0.03864931839186836,-0.18891933217746937,0.06255472394398685,0.26886012566256323,0.9873502182065254,-1.2649781793474766,-0.5360174856226418,-51.75482131953706,1063,-3.321154873393148,-0.7505858614418703,0.674566625453503,2.6036218215101146,1.6221262175700655,62.21262175700656,-0.3054544160738619,123.82681701272622
EA052,137.83420704865446,-7.2840429080043805,42.75516560053824,1.2744699084907178,0.9812269858689435,0.016412894347993975,True,False,0.1,0.001,0.0,0.0,13354,124.5,5028,0.3527220025291903,0.6475401754408279,0.6553656537091408,0.932421488534738,1.0298033567420521,2.9803356742052,-0.17235465627761282,-26.964021281148728,1080,0.17198199455189145,0.5144313528300083,0.7390286029088998,1.349003808817099,1.2141662495492065,21.416624954920646,-0.0037404684736210836,39.80563908918173
EA060,356.70784670679046,-7.777700067261491,80.48832825215646,1.9999999948174334,0.9997384358102149,1.2982477000893715,True,False,0.0,0.001,0.0,0.0,12137,112.4,5218,0.4231672623381011,0.6322768504217126,0.6718029371142556,0.8382526745449979,1.036671587872629,3.6671587872628955,-0.9779645804596733,-34.933715764740214,1081,-0.6435434895254479,0.149962593938608,0.27334001559757237,1.0887310060901112,1.4320366504477138,43.20366504477139,-1.3660167091640343,-66.8869331453673
EA061,947.4645297695562,-1.0948267861770369,58.2579742690325,0.8109575988876909,0.25,3.74,False,False,0.0,0.001,0.0,0.0,6688,62.3,2571,0.26098515983808745,0.6346845114688815,0.6349323730504374,1.0119451440249774,1.0061925316605824,0.6192531660582428,0.02681907930193539,-23.98479073482657,990,-1.5233879367752676,-0.11868469546080229,0.6661667050822319,2.064051550779357,1.0883463431423177,8.834634314231756,-0.19855541641304564,67.82568375551296
EA063,267.56547309130946,-6.7670461388700796,61.95552814856273,1.2721306743987926,0.011095501385819773,10.0,True,False,0.0,0.001,0.0,0.0,15509,135.1,3137,0.565411958515715,0.7774327774434516,0.7784146109809957,0.9796808889831791,1.0048184704335275,0.4818470433527322,0.442444225152542,-17.070359535832388,964,0.3098877014383097,0.638592974825099,0.7155068548882375,1.1540179269405113,1.1611122788962296,16.111227889622977,0.11299742383201461,-18.679225529796796
EA064,444.5527373812416,-0.7456000140032756,12.276193802929138,1.1943791591591946,0.25,3.74,False,True,27.9,0.002228322915480601,0.6362790697674419,0.024186046511627906,8089,75.9,5156,0.34918353908146316,0.6710575663308072,0.6712722707956823,0.9897393893394922,0.9940062875229435,-0.5993712477056499,-0.03409540111558873,-29.0545909997801,1075,0.44625674208290655,-1.317654898980137,0.8065922227112317,1.221006240385611,3.298972358285646,229.89723582856462,-1.3921487380382533,86.10386785060913
EA065,609.217099150909,-1.8375745669521124,45.17557922382198,0.9659923036398201,0.25,3.74,False,False,0.0,0.001,0.0,0.0,6671,64.1,4233,0.04241139132535221,0.477245612276916,0.4835218846113693,0.9209065392126323,1.016331891164894,1.63318911648942,0.2739035059087357,-26.203747332071163,974,-1.6218041199788646,-0.09803107358273788,0.5855300812046437,1.9580454309647324,1.3406403927525785,34.06403927525787,0.06447618401087396,32.089793822935455
EA066,216.13530245765983,2.342504180406213,119.5239218213646,1.403542486920453,0.9999990354330242,0.37700661472592745,True,False,0.0,0.001,0.0,0.0,13282,111.5,3432,0.42292516032325367,0.6660725306363775,0.6842937193381669,0.8955409925202855,1.0304206328438095,3.0420632843809496,0.11834003876611221,-37.271423446484754,1081,-1.5874330859297787,0.05675357878008802,0.41420093129384034,1.6929257777012756,1.257695806803778,25.7695806803778,-0.6266475877242161,-39.16615296011907
EA067,390.355455409158,-1.5727226799432663,90.25799695207009,1.2080874431271214,0.9986002589675059,0.20181132127956553,True,False,0.0,0.001,0.0,0.0,10394,90.0,5381,0.525690619774381,0.7459365946336274,0.7512906661821074,0.9481308157798937,1.0012120010554748,0.1212001055475028,-0.19640703543396731,-22.43715946160235,1081,-0.6153738123963042,0.31143825450465323,0.5148697147805364,1.4218095506140267,1.246662901007171,24.666290100717102,-0.19416724196360957,-53.80353192029972
EA068,706.2331573040943,-3.239295964115979,51.65842379630373,1.286195304936501,0.9995096405865312,0.030307947744600747,True,False,0.0,0.001,0.0,0.0,13973,127.3,4826,0.5527662993026312,0.7555317448758179,0.7636320490659778,0.937845950390805,0.9943614140166539,-0.5638585983346058,-0.9509601286827425,-23.971981988470972,801,-0.534247333738405,0.3206384741778311,0.5249828020718775,1.3754848983696335,1.3080614152020444,30.806141520204452,-0.9303769530960462,-7.374137210822551
EA072,256.04005036703916,-0.3123502826036281,68.13359736487051,1.0816184329069598,0.21015181340998446,7.105218232144143,True,False,0.0,0.001,0.0,0.0,10585,91.5,5467,0.621936369511218,0.8026521256443584,0.8053878744191786,0.9686721859807462,1.0095326889375325,0.9532688937532604,0.5195081399468896,-21.710814366315454,1072,0.5180962223670915,0.7649376216613061,0.7753654995047012,1.0626015063930083,0.9704244307781397,-2.957556922186036,0.3074557027679159,-20.457081661971603
EA074,1116.1405222496828,-1.98265138334885,15.212653677171346,1.1528581801372,0.25,3.74,False,True,2.4,0.067883812917125,0.0,0.017266187050359712,7316,61.0,4097,0.5131139288493871,0.748535070257978,0.7500504776873268,0.9724501514983915,1.0009235980537672,0.09235980537672549,0.2775746889499464,-14.648480140605663,695,0.1301820309255406,0.6007906835763828,0.6269623719419394,1.1392836490112124,1.0284793168869826,2.8479316886982566,0.042303120676920325,-36.34319655488943
EA076,10.000000000000002,-1.218038246483311,81.12843398993675,0.5001041846649911,0.25,3.74,False,True,4.0,0.05657636531191541,0.0,0.0,8714,70.6,1920,-0.2798712023848502,0.3781347509502214,0.3795601514301419,1.0304834794778153,0.9709906952637569,-2.900930473624303,-0.9594434332320423,-57.97853858962256,1078,-0.8433019562597193,0.22440433428483753,0.5106891701055214,1.5471342504150212,1.250534748980886,25.053474898088602,-3.3252618946875723,-27.67714248614891
EA077,570.8974264164991,-10.0,35.459751084392174,1.2637942328601068,0.25,3.74,False,False,0.0,0.001,0.0,0.0,8079,68.0,3969,0.49764201449439605,0.7521936804915262,0.7527000011797189,1.0152083111486296,1.004403390038509,0.4403390038509158,0.5038885922050275,-21.165767106329906,1081,-1.539671047737602,-0.33522969186594964,0.6251474864904918,1.9242547284832083,1.8877370782120535,88.77370782120536,0.28341136868639294,15.488473107459207
EA078,63.18339835998594,-0.17541193739456581,28.156542372791456,1.2637207669269876,0.9977416822696565,2.288503961919591,True,True,16.0,0.20302126681255567,0.0,0.0786308973172988,17941,164.6,4997,0.48281970165792853,0.7417231432258962,0.7423605871237702,1.003527636041007,0.982211704357508,-1.7788295642492034,0.3539563102350587,-21.46276061405211,1081,0.48553608835552553,0.6816742764328134,0.7149313423176823,0.8716710606192776,0.9400099174096808,-5.999008259031916,-0.11903872991136333,-42.22331186952135
EA079,162.24153352802497,-10.0,54.2395419998567,1.1752393574733824,0.25,3.74,False,True,53.3,0.02887041381086088,0.0979087452471483,0.27566539923954375,7567,63.4,4561,0.08644771525682715,0.5587703825045867,0.5603846811271485,1.0374393880435189,0.9955012234555746,-0.44987765444255606,0.24407304078079528,-17.500514392132295,1052,0.28634175036053533,0.5125056756652779,0.6131788819170203,0.892825434889535,0.7233526586844121,-27.664734131558784,-0.024709271533917443,-49.06264798099214
EA080,347.41829654601696,-8.020563840829475,67.33427985671102,1.4161747068028496,0.9999981983013703,0.09543844139540832,True,False,0.0,0.001,0.0,0.0,14972,159.6,5347,0.5047851088071222,0.7343735200027486,0.7405150840992571,0.9489596465574781,1.0248975423722315,2.489754237223135,0.1631948342307621,-32.13018002749361,1081,0.48255231607559135,0.5726022680841858,0.7076929204745377,0.814527854385363,1.250650106138378,25.065010613837792,-0.09092395793577657,-44.814364842929535
EA081,291.2010905316604,-4.694192419057502,20.313020797585313,1.4734583734414348,0.25,3.74,False,True,27.4,0.046056120060040374,0.0668724279835391,0.06584362139917696,7951,72.2,4313,0.48488786214538593,0.7322989510144848,0.7342992986316795,0.9673391741375097,1.0005092880402007,0.05092880402006698,0.29000861436309155,-37.261263904483705,972,0.7851155022981233,0.8635016608473267,0.8868778054611991,0.9246100773396242,1.012309559513908,1.2309559513907857,0.3374233817331711,-7.026362963033829
EA082,161.93506527480798,-10.0,10.000000000000002,1.5075732432877782,0.25,3.74,False,False,0.0,0.001,0.6583333333333333,0.13425925925925927,9999,103.8,4695,0.07477804323858128,0.5039296737982273,0.5084492619826116,0.9370930601452394,0.977497613224291,-2.2502386775708985,-0.04183042421597216,-20.243485822850122,1080,0.17432851905445756,0.582397288875268,0.7052654085942142,1.273172362487305,0.8864200486850988,-11.357995131490135,-0.06785229779309221,-9.005311556294215
EA085,163.00634421797906,-1.0305108637872227,38.89200108476565,1.2679989608585305,0.04669634779825038,10.0,True,False,0.0,0.001,0.0,0.0,11548,118.8,3488,0.6292567207032533,0.7658711131255843,0.7979360176521266,0.8835441842762681,1.0206040212310958,2.0604021231095926,0.4079999452354591,-24.08629719861879,1081,0.5440142515258964,0.7298714443860452,0.8101129663885214,1.1361987986252764,1.1355073366181552,13.550733661815537,0.45257021701535827,-6.4232940425325635
EA086,21.4144252626335,4.397423052847655,50.35094916942881,1.3397255139726683,0.9953742401576962,4.894319213889265,True,False,0.0,0.001,0.0,0.0,10864,111.0,4024,0.503547929831232,0.61802451777153,0.71074286220886,0.7505957388191198,1.0057525442517996,0.5752544251799451,0.32985714244971354,-46.09337674109099,1075,0.4266755414611898,0.6278914929444256,0.6802388874700153,0.8452515729428289,1.1107722720722397,11.07722720722398,0.3695337787965006,-30.835259834694423
EA089,348.5903484191797,-6.0145843411328785,32.03181778200236,1.3863619618168976,0.8892782583265074,0.37868651490028465,True,True,23.4,0.14530292139365147,0.0,0.06653992395437262,11029,108.9,4950,0.6259978098343316,0.8068987568431085,0.8085339347074515,0.9750533607266871,1.0025497331416626,0.254973314166243,0.5673398500925373,-26.075081038001077,1052,0.737438559136859,0.6007158358260171,0.9083400226483059,0.6123850267151024,0.9720549682885989,-2.7945031711401107,0.43632241007622263,-44.38098730810783
EA093,445.70183846452437,-2.6717299081849606,29.542926849007273,1.3211754051393878,0.9988256961802913,0.0049796086077792115,True,False,0.0,0.001,0.0,0.0,17315,169.9,5421,0.6266255940942257,0.7884152776584167,0.8015841453349541,0.9275925799487512,1.0125063530825862,1.2506353082586215,-0.14642667062766934,-13.566576044700176,1081,-0.601052415078773,0.13534798473833465,0.6659234133828125,1.6354801425640706,1.4818515644646353,48.18515644646356,-0.15370344326207075,-31.897748858440174
EA094,195.0353278268983,-1.681553046950101,23.92028513424671,1.2943804041250526,0.365738979540544,8.460515322432826,True,True,7.4,0.006845412761196991,0.0,0.05893358278765201,12607,135.0,2970,0.36326216448625526,0.650945204292389,0.6592666988714264,0.9263114822457681,1.0176088119897708,1.7608811989770852,0.2626717450215763,-46.11601719419331,1069,-0.21889997297058983,0.3559539214796714,0.510120671507726,1.1851627513482557,1.3748711115657166,37.487111156571665,0.09421969682359999,-35.11666386540193
EA095,79.3022107210609,-3.0916080035420386,18.09579790781524,1.5716853408733857,0.01691453244525748,10.0,True,True,6.0,0.001809135006631229,0.03311965811965812,0.06623931623931624,11157,121.1,3637,0.2393300396535577,0.5155888396768894,0.554308480213828,0.8147223832495917,1.041054185749609,4.105418574960892,-0.013954219941378021,-60.91142603016653,936,-0.0413762577697665,0.3319862318943546,0.3679517210081806,0.7882152771295403,1.0436417066676464,4.364170666764651,0.5112189418890285,-54.12418195807652
EA096,254.79806633342642,-9.999965739312387,358.98695033667065,1.0054554874167132,0.8541743510107673,8.873120862377238,True,False,0.0,0.001,0.0,0.0,11825,119.3,2156,0.15256810829230583,0.5849232677294163,0.5861848598257459,1.0223863817217262,1.0233360953974184,2.3336095397418335,0.19193809901899672,-35.393115188637275,380,-46.31016694053092,-4.711972147228086,0.3214602510100893,6.560343181412597,2.117494216838984,111.7494216838984,-5.200232183786225,33.24771647117429
EA098,634.0895185605859,1.2038275776096874,23.538686544770858,1.3605067003885496,0.07113896247785845,10.0,True,False,0.0,0.001,0.002803738317757009,0.0,11804,130.3,4269,0.35614984092113733,0.6042509669532392,0.6352611184647191,0.8505321780555786,1.0352450798981827,3.52450798981828,0.38951752223092206,-38.67959507117801,1070,0.3485945808412476,0.6846885366400319,0.6941253804530693,1.0520383775692472,0.9438391301421951,-5.616086985780496,0.19742516793465759,-28.699783934252164
EA099,804.5243261783597,-4.354239073542047,54.72735979224514,1.292446408176853,0.8417050224743308,9.526285917552087,True,False,0.0,0.001,0.0,0.0,14406,151.1,3274,0.6853441643282636,0.8359209937799954,0.8384563606056341,0.9713555146984466,1.0022508476573206,0.22508476573206926,0.1833038407974169,-12.474906554655222,1078,0.28363498040032276,0.47715009190374347,0.7769253143906552,1.2486288584833196,1.4022355053520728,40.22355053520728,0.270214516026385,-24.851724906885526
EA101,47.75934199891165,-2.1274014922696085,10.641797327288522,1.5281631829173963,0.695769154818083,10.0,True,True,3.1,0.004787357605063061,0.0,0.04339250493096647,10908,113.5,2947,0.5197665326222272,0.5954908072251426,0.7210811728603597,0.7087390081251798,1.0316071118343648,3.1607111834364883,0.07610330962036971,-47.07924445687084,1014,0.4497930671018612,0.532534269720498,0.672470349705764,0.7084933031000846,1.1620875776436443,16.208757764364425,0.23223029781609728,-40.57744604071475
EA110,232.90612140806533,-6.222496220290217,27.733498430765263,1.267881068486356,0.9980664331337195,9.99997662625199,True,True,5.3,0.009320403279757548,0.0,0.060335195530726256,15253,138.7,4776,0.5118053219328094,0.7328995385872767,0.7414569856891817,0.9361435289817631,1.020506519623349,2.05065196233489,0.5733249615778906,-22.907960067021317,895,-0.8444383954305932,0.17201115747469053,0.5854796892312906,1.6669378689507766,1.2625496415271045,26.254964152710468,0.589092445931473,22.108520112691668
EA111,40.900943495040316,-1.4030124131443984,32.19541422409678,0.9536283757768663,0.25,3.74,False,False,0.0,0.001,0.0,0.0,7110,56.7,3752,0.4410934477498999,0.5657645363543352,0.6667948763666814,0.7257449849013766,1.0481556867392028,4.81556867392028,-0.10595196476453284,-31.980220955670173,1010,-1.4589796295960258,-0.04666794419459519,0.5333112330477441,1.846451953776543,1.4015401227187592,40.15401227187593,0.11330494978201244,2.434687517885949
EA112,21.263715570357498,-1.00542361889688,10.000000000000002,0.5002603388894673,0.25,3.74,False,False,0.0,0.001,0.646875,0.20729166666666668,8084,72.4,3277,-0.3330201235367314,0.13106774614158245,0.1664018060136575,0.7669174294920553,0.923646688980853,-7.635331101914696,-0.047043995570041464,-75.85365829335606,960,-2.680576388155064,-0.3742695105323577,0.4889275686653056,2.1928799741195,1.4521714551507543,45.21714551507542,-0.20917724154875317,8.467168319099857
EA115,92.75470649212261,-2.927841190207674,21.184223411468146,1.6307488222794695,0.25,3.74,False,True,8.8,0.014762166823269949,0.030527289546716005,0.07123034227567067,5391,52.8,4492,0.20063557825006684,0.4791878179925272,0.5226599308742255,0.791976716226874,1.0108674165573632,1.0867416557363259,-0.012005591112613567,-71.8337065784643,1081,0.40307205241789656,0.46470922581729956,0.650178496465716,0.7684311446720726,1.3324710420957608,33.247104209576094,-0.4911093803629003,-46.505598519169745
EA120,862.4680308307699,-6.57571193342124,56.83012344757599,0.8778731325052814,0.25,3.74,False,False,0.0,0.001,0.0,0.0,5845,51.4,4031,0.11698603986739753,0.57968352635654,0.5848520381350958,1.0586332484185894,0.9703309933537806,-2.966900664621939,0.14093157626865338,-11.32522626254469,385,-15.425827544935824,-2.5964580396873242,0.6264207684508726,4.27366046662378,2.4415603137750868,144.15603137750867,-1.4045548294510755,174.40770055430144
EA121,438.7734589346867,-2.9606293867885145,51.78557233925683,1.7871897564871329,0.8858214311567368,0.0,True,False,0.7,0.001,0.0,0.0,12821,96.4,4694,0.5570812058684727,0.757749384545847,0.7662003875080345,0.9390962954148733,1.0177155483779172,1.7715548377917263,-0.12854831562308666,-33.038373159066715,1070,-0.1318250477481644,0.004852070566865652,0.6338632018921575,1.2659024333791264,1.8863177435036775,88.63177435036775,-0.904170937318324,-20.792699006767844
EA123,56.3282368831386,2.668674001459942,34.54595577742968,1.1774578258823392,0.25,3.74,False,True,20.9,0.4819297016739869,0.010185185185185186,0.06388888888888888,6666,54.4,5289,0.2415757673538732,0.6096653142452755,0.6127718977681027,0.9776987184067152,0.9562025504804238,-4.379744951957624,-0.20525141117183976,-24.219377512689977,1080,0.2840334882252904,-0.9247730795113682,0.6712215669580839,0.8115125568756392,2.8870952899529527,188.70952899529527,-1.1330812811351683,-23.044122902825045
EA124,459.4945359888263,-1.1051973402342128,10.000000000000002,1.2779180475870946,0.25,3.74,False,True,45.5,0.007741528977672546,0.3974025974025974,0.05454545454545454,9743,71.4,5154,0.37251705240896504,0.6637370259792797,0.6693748682078671,0.9441825322240947,0.9746185064312579,-2.538149356874203,-0.46346969358692514,-32.57603406011484,385,0.4686586517936473,0.47864662189425367,0.6991068224650797,0.6761614327828056,0.7235922885338998,-27.64077114661003,-0.2259111176877211,-34.03644405892521
EA125,25.13545958663932,-2.529566510522396,10.000000000000002,1.99999999187349,0.9988211610532735,0.022589568668190722,True,False,13.3,0.001,0.0,0.0,13750,90.9,5340,-0.15787777204119835,-0.09772192420372927,0.049842199672802366,0.45029428214532813,0.9958525775716544,-0.4147422428345522,-0.9308688051907053,-86.59210564416331,1081,-7.369734084496519,-1.605667253538051,0.37589345207798025,3.0845525297101344,2.4333993176642963,143.33993176642963,-1.941431517626035,-33.79414291591058
EA131,10.000000000000002,0.6794361609287357,10.000000000000002,0.9999999349891904,0.25,3.74,False,True,4.6,0.09907016570308798,0.0,0.018893387314439947,10066,68.3,4490,-0.5497003096647235,0.12132172450905976,0.14661695660449348,0.9002579863388978,0.8159771107291699,-18.40228892708301,-0.5061904386829625,-83.37043851150422,741,-0.005063406850696062,-2.752704419900491,0.6198498540016307,1.1598224343764425,4.729977629840169,372.99776298401696,-3.209486743762329,18.10604056138309
EA132,87.01344246773152,-0.46627850537712334,10.000000000000002,1.3026076168085565,0.25,3.74,False,False,0.4,0.001,0.0,0.0,7439,52.7,4208,0.16198785458506004,0.5387308025187316,0.549488070290896,0.9233770349221218,0.9372529286941064,-6.27470713058938,-0.1575767183750716,-27.673149981465397,1073,0.39129425107885774,-0.07823163365400254,0.6449526257512634,0.7772125791288688,1.993423667401198,99.3423667401198,-1.3653699547726084,0.3732349905797485
