gauge_id,X1,X2,X3,X4,CTG,Kf,snow_calibrated,n_evals,seconds,cal_n_days,cal_NSE,cal_KGE,cal_r,cal_alpha,cal_beta,cal_PBIAS,cal_logNSE,cal_peak_err_pct,test_n_days,test_NSE,test_KGE,test_r,test_alpha,test_beta,test_PBIAS,test_logNSE,test_peak_err_pct
EA001b,803.4061810549263,-2.4083076375781287,107.81107932457847,1.1818263691089752,0.13376360732046016,0.06838672789144686,True,10657,83.5,5461,0.3995890667132799,0.7080368100463524,0.7145516676105514,1.0437245085351545,0.9569892899692206,-4.301071003077936,-0.7314323669713605,-18.265941014135528,1081,-1.3861276417732569,0.024359662192476872,0.4081809506696468,1.4782452091756353,1.6106601358427186,61.06601358427184,-0.7567670970286673,-47.474160355895805
EA004,1391.7403917886659,-1.4388348278147087,17.582848574646288,1.169927366277799,0.25,3.74,False,7695,65.4,5213,0.34505823653802914,0.6743765945555626,0.6744794547496751,1.0059179068780149,0.9943471094697679,-0.5652890530232144,-0.06724448684029793,-25.406491057712802,1081,0.019133084437988,0.525982935513481,0.626854590762613,1.224686426175953,1.1870045210195672,18.70045210195674,0.23187246971250197,-17.6262565184656
EA007,229.97043855832504,-10.0,25.27354190118696,1.4738872438850135,0.25,3.74,False,9487,77.0,5176,-0.22755658967054293,0.39729820271011584,0.39764748864006483,1.018676210862902,0.9915083769136768,-0.8491623086323242,0.25218580753384257,-3.2015553049853493,1078,-3.112211895676591,-0.6780200111819266,0.46597158572613023,2.2620338860129254,1.9684189595574033,96.84189595574031,-0.008489011016466375,-10.878217900716724
EA008,758.59743549907,-1.776582525448396,14.915717506048813,0.5000780015559697,0.25,3.74,False,9098,72.0,2642,-0.019265471009227264,0.4705562906907649,0.4720518949624741,0.9640632979193748,1.0170291854759927,1.7029185475992763,-0.49267280356084897,-39.07775635894734,1037,-0.08345494759464489,-0.0697572957161301,0.1146096246893994,0.4244222500618755,1.170806348890805,17.080634889080482,-1.0898811526263255,-67.14941786861333
EA009,600.0913922540657,-10.0,12.77309838909535,1.3094710306654267,0.25,3.74,False,8975,72.0,2998,0.6588755622150572,0.826258289348432,0.827337154485521,0.9873473464622897,1.0146162292480305,1.4616229248030599,-0.12223525174733996,-20.52664012817061,1079,0.16894319393398616,0.5299882187962297,0.737721417142079,1.3476267239906323,1.1768521422316456,17.68521422316454,-0.4701639910796409,13.311878096582713
EA010,270.3841881620405,-8.782602877384742,64.69434895689636,1.8800426498311233,0.4949088287963548,0.0,True,20657,152.0,5386,0.47854462619169935,0.7260618163260796,0.7294455830176707,0.9607174475240009,1.0173007802393077,1.7300780239307647,-0.6130145700959031,-35.35245684650512,1080,-0.40679268897411247,0.30494956456603084,0.4351297359314421,1.1893304624154908,1.3580093135235511,35.80093135235511,-0.940108136923016,-55.425503045927144
EA012,831.2999111019546,-3.873373426102029,81.12639748938075,1.7677058870680278,0.9423400948239326,0.023741795649978182,True,11297,87.8,5477,-0.3734432654844486,0.28482236967227614,0.2865043691649219,0.9611807240754259,1.0299347877414249,2.9934787741424786,-0.6458575613625503,-40.38365125507292,1075,0.15610634843160742,0.4593907712562695,0.5234707808809969,0.8552476932152318,1.2102974350989868,21.02974350989868,-0.6139434686599368,-53.56827329367085
EA013,272.574299723104,-10.0,22.696806459604282,1.2420234860882016,0.8400865687958836,10.0,True,14741,110.8,5200,0.5968436366530907,0.793204584730347,0.7945300657334528,0.9800648416063513,1.0122081673018155,1.2208167301815562,-0.19292966331007166,-21.984459272607353,1080,0.5854547456324914,0.7106495998146156,0.7747177973999871,0.8906692483519382,1.1449771362084336,14.497713620843353,-0.20808175955130337,-24.165427716883418
EA014,28.55378349551099,1.7579828149093362,35.59269465857461,2.1644311032843793,0.25,3.74,False,6947,59.7,4519,-0.3420084049947052,0.27111781030625715,0.2756193157883542,0.9220731051213173,1.0216626371520163,2.166263715201625,-0.1558337518062498,-66.85143711955887,967,0.5293399929844926,0.5072653671320173,0.7428204178346577,0.8388642186773722,1.388176945377172,38.817694537717195,-0.4665134097267605,-40.29162721740382
EA015,174.19899186448222,-3.4416676126487618,8.586077804560725,1.3030625196687495,0.9737988622077218,5.850475155797742,True,11041,85.3,5341,0.41504558931603786,0.6722495986583823,0.6843340668164215,0.9150865520586107,1.0237707922803798,2.3770792280379722,-0.0943242729663123,-15.372368576010865,1080,0.4467447788387605,0.6746129978307613,0.717937473759219,0.9735999403237142,0.8399360461551652,-16.006395384483483,0.06913314081583977,-16.849196459236506
EA016,259.5369526248467,-10.0,17.875506067720742,1.3505306789250535,0.9670944899938363,9.187887284306614,True,12444,95.2,5331,0.6650353856286958,0.827054849694479,0.8289718479964769,0.9778040442858349,1.01291262120539,1.2912621205390071,-1.685599227605263,-15.051088654009888,1075,0.41203193815952766,0.7011214730238683,0.7624165756688225,1.1735263589509772,1.0526411732364558,5.264117323645575,-1.8896338012386544,-0.5628336351340855
EA020,113.74748269295546,-3.727001354498679,1.2525166459666852,1.482703603249365,0.25,3.74,False,9961,80.4,5478,0.2586184862434511,0.5715573544215736,0.5885131121037076,0.8846821802983031,1.0307155025827692,3.0715502582769494,-4.036486631643306,-16.091700844799202,1081,0.46810904467932557,0.5752237911016782,0.6849949370947975,0.7179633889333057,1.0407674871452042,4.076748714520431,-3.2566230181175584,1.8063527659990177
EA023,868.669772355757,-2.83947753793548,45.432137146961416,1.2680946271670508,0.7682142479594736,10.0,True,15502,116.2,5407,0.6353156946367693,0.8189779407412435,0.8194050292322557,1.0092953876625947,0.9917514704413222,-0.8248529558677932,-0.32966805551768696,-20.242607061816155,1081,-0.3561980087561243,0.2541311773338367,0.7257774200286448,1.579102109335283,1.3817892405800458,38.178924058004576,-0.25229159088891207,-16.150934763582242
EA026,35.09951723363008,-0.6781253733087316,7.1690279362735305,1.5064293622847336,0.982424240083772,3.6594623270161772,True,8409,69.6,3512,0.23572811641765312,0.5058368557442784,0.5481643356498874,0.8025344168974141,1.0323896442084397,3.2389644208439736,-0.8966157931281036,-59.52508908549981,1007,0.1813531115333673,0.5635990300563547,0.585380356840477,0.9847094575489609,1.1352869446235565,13.52869446235565,-0.5982506822214171,-35.147537763740964
EA027,197.61354731542912,-10.0,4.353962271248054,1.4150358476706106,0.9892255324412815,0.0,True,15230,101.6,3426,0.37999658690929916,0.31629181676730056,0.6567339210940797,0.4303815201304922,1.1586192494089669,15.861924940896705,-4.238738669925378,-35.30522665637493,1077,0.31296340117424515,0.19517164234754636,0.5770903780085419,0.461239101253771,0.5773502266761007,-42.26497733238993,-2.6018807349108743,-73.94270231709032
EA028,441.30596978054865,-1.88873463517924,22.202068853029665,1.0580552961864254,0.25,3.74,False,7710,50.7,4922,0.3950256346788744,0.6964183385767538,0.6965601685186149,0.996816207806565,1.0087153479744702,0.8715347974470224,0.3560732816584724,-34.947129058949855,984,0.32805836927407794,0.5736354620799249,0.6134411576580064,0.8321553825173229,1.0647083069250833,6.4708306925083425,0.5595236774382462,-53.89108825240969
EA033,174.37022208699415,-0.28008463614071205,40.36869022379618,1.159442725066881,0.0028580592329621735,10.0,True,13212,88.0,5478,0.5852525728328444,0.7914920438926393,0.7916402333486847,0.9951725614606848,0.9937974812996926,-0.6202518700307514,0.27736255265067444,-25.72347767273624,385,-2.2338965162619466,-0.4729759637325033,0.7610177775465445,2.4119635232569268,1.3448256024090874,34.482560240908725,0.22942488774999403,92.08654025299525
EA035,354.6670266256963,-4.579648922249704,29.497787991482326,1.2532680011379886,0.7810614328808366,0.007402803448948716,True,12721,84.7,4657,0.6552459510812751,0.8229573023325915,0.8241830617552945,0.9792048681807022,1.0002889917453737,0.028899174537383464,0.20069532960734637,-4.675916510736085,1081,0.38293131841253114,0.705567497740095,0.7282405064510412,1.112095655755951,0.9835124285085481,-1.648757149145176,0.16942498646864423,-22.824025650176406
EA037,229.83870477217684,-4.564458760952393,9.182428568461757,1.279655677135181,0.9941208403629485,0.10793383238134206,True,14022,93.6,5478,0.5167544847931591,0.737301025490442,0.7447273661632067,0.9393002958248511,1.0127349729269162,1.2734972926916244,-0.16562544745560492,6.416623135365011,1080,0.3892913895493434,0.6811959941944365,0.727666593684519,1.1001124203074755,1.1320909278582758,13.209092785827584,0.06176549812523591,-14.20956711705458
EA039,1110.0513834805638,-2.40678119922211,10.804222607469233,1.1101866614373697,0.25,3.74,False,7828,53.4,5218,-0.23085382253492748,0.38073323041575946,0.38076792803501663,0.993823720514629,0.9978030628199434,-0.21969371800566323,-0.7840567357369768,-15.465455308428519,1077,-1.1703627063249646,-0.5986103377562411,0.49579521053893255,1.6136459337306175,2.387361240009797,138.73612400097974,-1.932620272399566,14.5052488478938
EA041,120.33273081645554,-2.2388253319080635,1.0,2.7541159941523867,0.25,3.74,False,9444,62.8,2801,0.26856379038855427,0.5656542750845763,0.5876264311882134,0.8646437895149797,1.0168209625429263,1.682096254292626,-13.650092143476815,-32.78839459401288,378,-16.613001381182926,-0.6639402714549747,0.08952246199174721,2.0481139886648747,0.08283864750138312,-91.7161352498617,-192.06930816610196,-89.48223968720434
EA047,839.0148940954666,-0.2538782579992542,24.72130033668471,1.1523235928648015,0.9587667693998958,6.940218050999846,True,11036,73.2,5461,0.48148550676656454,0.7435716152959362,0.7445716305760364,1.0143258406469664,0.9824890073066023,-1.7510992693397727,-0.2048768410292814,-23.440551024003287,1081,0.45892361593580033,0.7360137618044967,0.7408262901366728,1.0397386629222265,0.9693640612768839,-3.063593872311614,-0.008577825892765567,-35.993211536906706
EA049,244.53178905654735,-4.550240960131699,41.473674787230166,1.356852618551599,0.6254754224537261,3.7896236511535473,True,12363,84.2,5478,0.5941161224809792,0.7959264445783362,0.7960461523187957,0.9949652776077383,0.9951527730707244,-0.48472269292755926,-0.8509468120601715,-14.633063587300844,1077,-0.9533047039567921,0.06368397005151039,0.6204592270609274,1.7442401045150933,1.4227802933518487,42.27802933518489,-0.5536504778130229,-42.289243967828995
EA050,37.31983898014884,-1.9906728398659415,5.334156198672533,1.7016573147553882,0.22987651917802088,0.0,True,11711,77.9,4010,0.41761169477345217,0.620096446475904,0.665349206574045,0.8235835078821292,1.034824958699755,3.4824958699755078,-2.642868940563174,-38.726813826691846,1078,0.4103937220820414,0.6651335200822783,0.7035978346512864,0.9924011827616012,1.1556392422419783,15.563924224197837,-2.4617791379109373,-22.610816245476315
EA051,18.697270759609292,-1.5965596936496098,3.205528680883579,0.5017963939834544,0.9992581972364444,4.367862392285808,True,10829,72.8,4199,-0.07604027500097943,-0.17334764671470126,0.0438812640190182,0.3230812046748529,1.0660500362801446,6.60500362801446,-3.767980892188299,-60.657474959069106,1063,-6.314372195850523,-1.2306713425010605,0.5132406803357756,3.064761618757169,1.6897241917482522,68.97241917482522,-2.2490003499491587,99.97011021819952
EA052,137.54819097536682,-6.546248395932961,31.19838668464273,1.3061252139903126,0.9902437606939498,0.0167915409866643,True,13289,116.4,5190,0.3166915260725306,0.6557136304990578,0.6560187892888777,0.9931613635523759,1.0127774783657386,1.277747836573861,-0.38550859326059617,-23.26685928611265,1080,0.044757652392575675,0.46543828141851673,0.7240902800406127,1.4153503648489623,1.19265028373858,19.26502837385801,-0.055083842602659416,44.27874331063988
EA060,248.09874748068574,-8.855234677724225,75.32457934585636,2.0485791695228084,0.028939203234110922,10.0,True,13347,118.1,5478,0.3217135486529078,0.6504074131886051,0.651545945580673,0.9721578381812188,0.9955770216513921,-0.44229783486079455,-2.0123182968297226,-30.85872952720523,1081,-0.8032968028088241,0.1878622830567912,0.35128063197763976,1.2907396100421102,1.3926847743253599,39.26847743253599,-1.837209175970306,-51.25613173330177
EA061,1123.9216002555515,-0.8664682827084456,38.976868820559844,1.0650329404762966,0.25,3.74,False,6927,44.7,2571,0.26777381243240583,0.6378258677905517,0.637998667798242,1.0111855910059946,0.9998582972619204,-0.014170273807960099,-0.005207658564549966,-22.584892190836097,990,-1.4814860161619121,-0.09648069372320212,0.6585715291078325,2.0400128417655616,1.0637949836168314,6.379498361683154,-0.19665646204832843,68.70768046621407
EA063,148.73621767199583,-10.0,82.05043977256678,1.217887323670823,0.005099054553782234,7.540004310060294,True,10389,91.6,3153,0.5797379615043878,0.793930275248532,0.7962122288284914,1.0289739006081664,0.9902128214666976,-0.9787178533302432,0.3477913058426758,-10.727925972268682,981,0.3433764138461115,0.6641742223890097,0.7260979061104084,1.148012577085974,1.1258923067359252,12.589230673592512,0.07572516319706213,-14.813316718609094
EA064,503.48257626129663,-0.3973136005832067,9.147187141040696,1.190264274982133,0.25,3.74,False,7700,72.9,5400,0.3759804003831627,0.6757512386209992,0.6777815206534192,0.9665697579095829,1.013961724004198,1.3961724004198137,0.033804899267606325,-29.719294804692957,1075,0.4390328580830798,-1.3353730198239284,0.7845791893456343,1.1631903668619727,3.3196831508251305,231.96831508251302,-1.528429585716487,76.81998916975797
EA065,655.9591585045383,-1.4458085123096571,32.0625103235445,0.9999999974201751,0.25,3.74,False,8071,80.5,4299,-0.011652739581867078,0.48824564667366355,0.4883741035213004,0.9885360708873425,0.9998037090838318,-0.019629091616830907,0.22510644670963253,-21.049950495210613,974,-1.9074127948447432,-0.16622941144580072,0.5656939928117503,2.034140608111915,1.319409666252194,31.94096662521939,-0.04809223121767303,47.14646942437157
EA066,187.49236862398567,1.771392205914224,83.69203947098244,1.4256267567496865,0.997662945412722,0.2381884228824856,True,11583,123.1,3432,0.3852498569006637,0.6819582134791458,0.6835844267510907,0.9698435643382409,1.011061300426212,1.1061300426212046,-0.0734132957577025,-29.413642769326216,1081,-2.1551886945086287,-0.07851079231434155,0.3570992452390098,1.832843510849432,1.2371409604059365,23.71409604059366,-0.9667040006823246,-37.77148257136931
EA067,344.74640756644027,-1.6195940369064306,78.84717786484477,1.2371336168221159,0.9999989204236848,0.17748515180366703,True,12707,135.3,5381,0.5090090152530093,0.756072803143284,0.756637994828431,1.008335704358016,0.9856498140045487,-1.435018599545134,-0.3505612036330459,-16.693282084734452,1081,-0.837688348168081,0.2447430943783434,0.4962134181233145,1.5122250105009505,1.2328896992730822,23.28896992730822,-0.35898029555406663,-52.728808720512816
EA068,560.1204638402243,-3.419391920722167,51.10728439660366,1.275046701698591,0.9994840283385192,0.028809769018211452,True,16284,159.9,4826,0.5410430829795855,0.7739427812906634,0.776071698064929,1.0230843436565393,0.9793821727375711,-2.0617827262428943,-1.3262643931009275,-16.270894513334614,801,-0.809454282348629,0.24149997648778765,0.5044907234692911,1.500182881130849,1.2821523134118928,28.215231341189295,-1.1921230293117713,0.4717329720046315
EA072,242.97088193818277,-0.38527622178828674,63.437058375381525,1.0929152812041476,0.00166940426001011,10.0,True,15146,151.9,5478,0.6155443167221286,0.8069710395305552,0.8070176875280758,0.9960464915298665,0.9984584346657741,-0.154156533422583,0.48829286112473047,-18.624826750912607,1081,0.49379808004857517,0.7498534382161852,0.776412436622179,1.105009172275556,0.9605667955520305,-3.9433204447969405,0.23808297958024538,-14.52824339447451
EA074,1103.779835107259,-1.896375237671426,13.860445269654836,1.1942614137566243,0.25,3.74,False,8852,100.1,4168,0.5030567915337028,0.7518266571375911,0.7518712129489421,1.00136950682784,0.9955013785309235,-0.4498621469076632,0.3044708749931786,-11.308345291420052,695,0.08517903649544623,0.5843278977933146,0.6227731564734071,1.1725929457543665,1.0263605795027126,2.636057950271266,0.18613786488741213,-33.34150625785317
EA076,137.93276508353006,0.25999704050723554,1.0,1.0122714755561708,0.25,3.74,False,9369,101.2,1920,-0.07171187194480111,0.46524822894895024,0.46526386767600786,1.00208680897377,1.0035171945808237,0.35171945808234883,0.07726537271577283,-50.26691861624755,1078,-1.2864926352782908,0.06043561650025431,0.5115448947172683,1.7360436946254827,1.3200508091952927,32.00508091952928,-0.9845945351344245,-19.794114438222174
EA077,592.4250801296894,-10.0,36.10119009420586,1.2579962648984528,0.25,3.74,False,8847,105.1,3984,0.5106623698792668,0.7534381693925409,0.7536961928694736,0.9932292925508021,1.009018227439313,0.9018227439312839,0.5027539987617609,-22.723546215694764,1081,-1.4153006295136126,-0.30810762294115746,0.6308575502915149,1.8832187428656821,1.8915178390087033,89.15178390087031,0.2695171345027161,13.247028184893399
EA078,61.60894523430267,-0.28292992278855233,31.495170840453326,1.2406476076693056,0.20934836076331176,4.23743582113486,True,9493,109.5,5246,0.5175514989470644,0.7464500057467354,0.7500559467772211,0.9620727557473766,1.0194189079971308,1.9418907997130779,0.3125631319660458,-22.97090405578837,1081,0.5472231286349406,0.6973733816238858,0.7474968169748304,0.8482953235149757,0.9306407623708706,-6.935923762912941,0.35551774895227917,-38.6349850313517
EA079,159.10051378768512,-10.0,51.40085330782258,1.1899896224944773,0.25,3.74,False,8468,98.9,4599,0.07102613862206586,0.5597710536150504,0.5642101012090097,1.0614987231111082,0.9896754466128315,-1.0324553387168542,0.350218858032634,-15.204869738082099,1073,0.277882354039483,0.5128642182677012,0.613195559269807,0.9073951774649318,0.7187386601066742,-28.126133989332587,0.18335505390428242,-47.29224133373431
EA080,329.428814018182,-8.323994507220771,69.94242286950862,1.413149307580779,0.9999943955062304,0.09570232078489926,True,17129,150.2,5478,0.5001703466879093,0.7338870330300571,0.7393647844167324,0.9545870053662424,1.0286889439645985,2.868894396459867,0.13613639046914972,-32.34663994074722,1081,0.4751756955235916,0.5722260503648626,0.7039839686545067,0.820292738783614,1.2511381321882733,25.11381321882732,-0.10088872563489115,-44.855578640760875
EA081,350.83139659602,-3.59125631652506,14.72389129183286,1.500348664048433,0.25,3.74,False,8970,85.9,4890,0.5021724758134624,0.7371253005298215,0.7411347335044588,0.9581400086984436,1.018428851075493,1.8428851075493091,0.42596326625214576,-33.659324814722304,1080,0.7564217716313962,0.8544153424768642,0.8724692592250858,0.94081644526671,1.0377903362337784,3.7790336233778286,0.48762586774102434,-10.327126411776076
EA082,223.39803390978878,-7.07730267994434,1.1542155222056514,1.6041953428763343,0.25,3.74,False,26217,195.4,4757,0.12648632809241178,0.524301789260625,0.5313962844634438,0.9262104762837648,1.0354182393084175,3.541823930841748,-0.2432744916555114,-22.022930996614807,1080,0.09327993287436276,0.56525798787321,0.6862356682047227,1.3007560063521344,0.9900810361313311,-0.9918963868668803,-0.23534905907462167,-11.675617754604367
EA085,118.01866385547693,-1.2182348460545405,35.41184203379613,1.2663411739414443,0.04663682946244818,10.0,True,14869,124.5,3488,0.5912202349679174,0.7893126778430455,0.790775660741643,0.9754450692145299,1.00337327047434,0.3373270474340099,0.21811831725488606,-14.841691122954176,1081,0.47546683169340154,0.6839420100970205,0.8060906949357409,1.2178116827162142,1.121860187359692,12.186018735969217,0.33491823020031875,2.3722256151847962
EA086,21.354791214178395,4.335366788159049,46.65207206552046,1.3558299454881761,0.9953549137305525,8.845024125864953,True,12579,97.4,4078,0.4739728970007152,0.6226833175130524,0.6949070948369617,0.7827583468977496,1.0457412533664616,4.574125336646151,0.2853408313976594,-43.96327852156673,1075,0.3822300090408354,0.6078503058467413,0.6625956315460457,0.8653783012240867,1.1477046816839935,14.770468168399367,0.3134564496684945,-29.27315825792427
EA089,381.49936184898866,-5.316165050812721,28.636099833972114,1.3913937609285751,0.8947753922808324,0.024893264066171237,True,22114,155.7,5478,0.6352543547721998,0.8096051886959896,0.8124108349691603,0.9697157717385061,1.0119730887045837,1.1973088704583537,0.5600388594918118,-23.654780103914423,1075,0.7387269708065287,0.6075322874235584,0.9062208676693474,0.6189839534230395,0.9920531764108035,-0.7946823589196543,0.5016794148355723,-43.62262876734369
EA093,297.79163089276204,-4.605296079726691,40.982941188134234,1.2824316069906427,0.606114234257612,4.064494252937722,True,11944,90.5,5447,0.6157395055423182,0.8073970534148012,0.8074675631889692,0.9978868891385326,0.9952365378772892,-0.4763462122710898,-0.6319663075824657,-9.677074695216877,1081,-0.7890255692761337,0.11045578714597237,0.6438733146140051,1.7065265932376241,1.4065499521905187,40.65499521905187,-0.45160198603560797,-37.822256893114044
EA094,158.9079706999743,-2.0099956962390686,27.529564005046065,1.2814700052196253,0.0017424177728997958,8.446124368493859,True,11930,81.3,2992,0.34393418836158196,0.6528525803570713,0.6567661721510389,0.952281424831694,1.0206108701611598,2.0610870161159833,0.24918970885171443,-44.63355640888205,1069,-0.2422684209041972,0.3519822956884554,0.511088521256562,1.204091918511921,1.3731474237513006,37.314742375130066,0.2889483175853983,-34.05120149219468
EA095,73.05267943906564,-2.9167174681486188,14.285050529293043,1.612292838278748,0.0632435280612853,10.0,True,14492,100.7,3707,0.16654378423859295,0.5173802602545852,0.5353660149136127,0.8815947437609162,1.054929667663583,5.492966766358316,-0.08807552661747664,-58.585142997860814,941,-0.08986536521178179,0.3445866370273347,0.3659171615970383,0.8388297133511267,1.0391122628788232,3.911226287882329,0.46135784800868307,-51.50327494809028
EA096,256.03961018940174,-9.999998122651329,339.7636807466638,1.0019576889057729,0.8570701522670623,8.871840073073002,True,10082,74.3,2365,0.187823002450496,0.601712349855126,0.6025343188312487,1.020784431195808,1.0149027504459014,1.4902750445901347,0.21743692401379178,-35.06482333647815,380,-46.44125338203907,-4.746539184074505,0.3244613384812417,6.601303333762277,2.0916781000279916,109.16781000279917,-5.206830827347201,33.300531587356
EA098,10.000000000000002,-1.0422211813219273,194.11248661204274,1.1734432001847623,0.07091498408201924,10.0,True,11413,83.6,4419,0.2622671998046556,0.6408578155791502,0.6434506290377922,1.032111978951106,0.9712863185070735,-2.8713681492926555,-0.20636869256198254,-24.765740297187417,1070,0.25309851925072724,0.6399379734327593,0.6901871175993721,1.135830726418057,0.8766685172591114,-12.333148274088865,-0.25155035166132556,-22.182253121007676
EA099,661.1697787708292,-5.310856480835922,57.29215096312905,1.2409799258080156,0.3130570721404398,9.742313897954311,True,10943,77.7,4111,0.6182953718820592,0.8105093783339438,0.8112076291673634,1.010409701552245,0.9875190333557894,-1.2480966644210585,-0.19529500967056168,-7.679929563904823,1078,0.2867554994584465,0.5310400182473931,0.7683996366061054,1.2638099995247207,1.310948581460003,31.09485814600028,0.2532304969854333,-26.20863598995323
EA101,35.800195151664575,-1.9386437447527016,2.8916689194182417,1.6231878094828966,0.9669805762489972,10.0,True,10389,69.9,2959,0.4679735548988453,0.6152365964482753,0.6899438820092471,0.7789906406937808,1.055343866040114,5.534386604011404,-1.0513057286242091,-43.4707063375232,1014,0.3799543564688447,0.5351066464695995,0.634523974419505,0.7801282235639305,1.184958121772131,18.495812177213086,-0.6656106682344429,-37.2211889724624
EA110,217.87777261700583,-6.300393266205202,27.26211973539747,1.234632864074306,0.9973597752005261,10.0,True,14755,102.3,4824,0.49514762474507346,0.7356646985753553,0.7387842318500932,0.9637632066524576,1.0180656817474298,1.806568174742975,0.5610929347441973,-22.470526509282962,895,-0.9731696426612373,0.13401446100015013,0.5750485293791286,1.7094790451633792,1.2568787376333024,25.687873763330238,0.6018965157522527,22.532239988343232
EA111,35.63808137667672,-1.2538709808325417,11.932578517526576,1.0741492375653963,0.25,3.74,False,7956,54.8,4433,0.31774171356131453,0.6032941841805104,0.6215031283896439,0.883256777253975,1.0220599734599225,2.205997345992248,-1.376749749541978,-15.505947662582098,1076,-2.2215461535436223,-0.2501168453249978,0.5293559945584169,2.106913168807384,1.3406311551047896,34.06311551047896,-0.8495617412046683,21.459911802169504
EA112,18.79706781663389,-0.6961994600046215,2.4112187681251815,0.5008787274824373,0.25,3.74,False,6681,44.8,3700,-0.4979960654554083,0.1464649429928091,0.15548516078659047,0.8780948883410039,1.0213523684874815,2.135236848748157,-0.3601689597936719,-72.59872181390577,960,-5.165526418375626,-0.9304362121021208,0.4156464942855628,2.7187290994939164,1.6565708125611909,65.65708125611911,-0.07999870370754669,14.860753469167314
EA115,65.63957665504013,-3.2339372689000356,18.842357721488742,1.63052395726468,0.25,3.74,False,5928,39.6,4734,0.13645194425295193,0.4836865817786412,0.5061476444785423,0.8521122674715264,1.0286114548549714,2.8611454854971434,-0.13305236937715526,-71.66712532980263,1081,0.36786163777855896,0.48373425052439,0.6369216240682738,0.8174787614679903,1.3184186151862585,31.841861518625862,-0.39767301841955405,-43.69290412795349
EA120,1046.9578104625743,-5.751474218725519,47.467875219257564,1.0340218723482928,0.25,3.74,False,8084,56.1,4064,0.14801764918707527,0.582869877926369,0.5841320897485539,1.0232764060142987,0.9774250384869669,-2.257496151303307,0.15857905476218792,-13.461528051893566,385,-13.212418854510522,-2.3150727690587525,0.630075985829244,3.981093475536088,2.402121741508499,140.21217415084993,-1.396776580603757,156.55498517131477
EA121,394.26549998044084,-3.0966971775456034,53.06075040314818,1.9999831447021692,0.7840992634959243,0.0,True,14732,79.0,4694,0.5375583076183168,0.7616727523427208,0.7631718132336514,0.9749475103010627,1.0092010699781189,0.9201069978118799,-0.1867408539145916,-31.661572945698662,1070,-0.23699288361554927,-0.012094863368280917,0.6189542227514422,1.316902801160665,1.8824470197774061,88.24470197774063,-0.91963172610471,-19.026671812372847
EA123,71.50760700283352,2.701927597293407,31.20161249389346,1.1863770420493343,0.25,3.74,False,6671,45.1,5289,0.2699020662078403,0.6133931006452633,0.6167992335714562,0.9492467709762767,1.006795364664656,0.6795364664655964,-0.04864718929142153,-25.586434686553257,1080,0.2682242726551086,-1.0679152296192518,0.6737239556571645,0.7979934007568134,3.031996720873692,203.19967208736924,-1.568200800472726,-23.01291012592482
EA124,454.34421584775623,-1.0985152452343676,10.83296372389907,1.3115956451498572,0.25,3.74,False,7612,52.3,5163,0.3692779757355511,0.6653687320132533,0.6692098641436826,0.9495018982628788,1.0024317186359202,0.24317186359199802,-0.3898126994667257,-32.41359174902397,385,0.4861923617853431,0.504988753992031,0.7084375918809509,0.6811607642086887,0.7584031507527559,-24.159684924724406,-0.1799139266542782,-33.447887526691
EA125,13.249872340739536,-4.457472287994382,4.4005299103441695,0.5016242995185993,0.4516490137060547,0.0,True,13794,72.1,5346,-0.24674969838678118,-0.07419391755465199,0.03768119365590181,0.5357423134305552,1.11090485980816,11.090485980815982,-2.7934479127626166,-90.93812460527361,1081,-11.097223215576497,-2.103825777111431,0.24149673738315375,3.5488121817382123,2.6006135440773552,160.06135440773554,-6.898905133243563,-36.17859745037964
EA131,20.11913037321209,0.3963119294669772,1.000074015362752,0.9999999915165722,0.25,3.74,False,10641,59.6,5251,-0.4775547794356585,0.1475237733766961,0.15798423266991823,0.866866275712519,1.0007589352971569,0.07589352971569509,-0.801216625735889,-84.75914263517258,1080,-0.0013852873565127766,-4.169197987677256,0.6235292650373188,1.1352519422458547,6.153696201139719,515.3696201139719,-5.648691135307134,14.854835277993638
EA132,79.65205076199125,-0.35113550319270465,16.005507112177423,1.2247110934965655,0.25,3.74,False,6543,44.0,4298,0.16300311819981983,0.5486687853260978,0.554101921050737,0.9335855015796158,1.0215379415902635,2.1537941590263507,-0.22867578976662273,-27.613676772420973,1080,0.43322415117334845,-0.20943083190316925,0.6747244819203295,0.7867631728120025,2.1451850636586167,114.5185063658617,-1.5838431489130471,0.11027325775052346
